#
# There is insufficient memory for the Java Runtime Environment to continue.
# Native memory allocation (malloc) failed to allocate 5126808 bytes. Error detail: Chunk::new
# Possible reasons:
#   The system is out of physical RAM or swap space
#   This process is running with CompressedOops enabled, and the Java Heap may be blocking the growth of the native heap
# Possible solutions:
#   Reduce memory load on the system
#   Increase physical memory or swap space
#   Check if swap backing store is full
#   Decrease Java heap size (-Xmx/-Xms)
#   Decrease number of Java threads
#   Decrease Java thread stack sizes (-Xss)
#   Set larger code cache with -XX:ReservedCodeCacheSize=
#   JVM is running with Unscaled Compressed Oops mode in which the Java heap is
#     placed in the first 4GB address space. The Java Heap base address is the
#     maximum limit for the native heap growth. Please use -XX:HeapBaseMinAddress
#     to set the Java Heap base and to place the Java Heap above 4GB virtual address.
# This output file may be truncated or incomplete.
#
#  Out of Memory Error (arena.cpp:186), pid=23352, tid=6076
#
# JRE version: OpenJDK Runtime Environment (25.0.2) (build 25.0.2+-15348964-b329.117)
# Java VM: OpenJDK 64-Bit Server VM (25.0.2+-15348964-b329.117, mixed mode, tiered, compressed oops, compressed class ptrs, g1 gc, windows-amd64)
# No core dump will be written. Minidumps are not enabled by default on client versions of Windows
#

---------------  S U M M A R Y ------------

Command Line: --add-opens=java.base/java.lang=ALL-UNNAMED --add-opens=java.base/java.lang.invoke=ALL-UNNAMED --add-opens=java.base/java.util=ALL-UNNAMED --add-opens=java.prefs/java.util.prefs=ALL-UNNAMED --add-exports=jdk.compiler/com.sun.tools.javac.api=ALL-UNNAMED --add-exports=jdk.compiler/com.sun.tools.javac.util=ALL-UNNAMED --add-opens=java.base/java.nio.charset=ALL-UNNAMED --add-opens=java.base/java.net=ALL-UNNAMED --add-opens=java.base/java.util.concurrent=ALL-UNNAMED --add-opens=java.base/java.util.concurrent.atomic=ALL-UNNAMED --add-opens=java.xml/javax.xml.namespace=ALL-UNNAMED --add-opens=java.base/java.time=ALL-UNNAMED --enable-native-access=ALL-UNNAMED -Xmx2048m -Dfile.encoding=UTF-8 -Duser.country=ID -Duser.language=en -Duser.variant -javaagent:C:\Users\A S U S\.gradle\wrapper\dists\gradle-9.5.0-bin\bvnork1r7n8i6kp5cnkibsc9q\gradle-9.5.0\lib\agents\gradle-instrumentation-agent-9.5.0.jar org.gradle.launcher.daemon.bootstrap.GradleDaemon 9.5.0

Host: 12th Gen Intel(R) Core(TM) i5-12500H, 16 cores, 15G,  Windows 11 , 64 bit Build 26100 (10.0.26100.9444)
Time: Thu Sep 10 19:48:43 2026 SE Asia Standard Time elapsed time: 1607.881383 seconds (0d 0h 26m 47s)

---------------  T H R E A D  ---------------

Current thread (0x000001fddf7b7400):  JavaThread "C2 CompilerThread0" daemon [_thread_in_native, id=6076, stack(0x0000009cb0400000,0x0000009cb0500000) (1024K)]


Current CompileTask:
C2:1607881 25955       4       org.gradle.api.internal.artifacts.transform.TransformStep::lambda$createInvocation$2 (93 bytes)

Stack: [0x0000009cb0400000,0x0000009cb0500000]
Native frames: (J=compiled Java code, j=interpreted, Vv=VM code, C=native code)
V  [jvm.dll+0x7bd439]  (no source info available)
V  [jvm.dll+0x78763d]  (no source info available)
V  [jvm.dll+0xa0c885]  (no source info available)
V  [jvm.dll+0xa0ef04]  (no source info available)
V  [jvm.dll+0xa0f603]  (no source info available)
V  [jvm.dll+0x309bf6]  (no source info available)
V  [jvm.dll+0x10ea69]  (no source info available)
V  [jvm.dll+0x10ed92]  (no source info available)
V  [jvm.dll+0x1a9837]  (no source info available)
V  [jvm.dll+0x3bec92]  (no source info available)
V  [jvm.dll+0x7c2cb7]  (no source info available)
V  [jvm.dll+0x2ce046]  (no source info available)
V  [jvm.dll+0x2cd221]  (no source info available)
V  [jvm.dll+0x242ffa]  (no source info available)
V  [jvm.dll+0x2dcc05]  (no source info available)
V  [jvm.dll+0x2dae06]  (no source info available)
V  [jvm.dll+0x49b59e]  (no source info available)
V  [jvm.dll+0x9ab9c8]  (no source info available)
V  [jvm.dll+0x7bb985]  (no source info available)
C  [ucrtbase.dll+0x2cd30]  (no source info available)
C  [KERNEL32.DLL+0x2cd87]  (no source info available)
C  [ntdll.dll+0xacaec]  (no source info available)

Lock stack of current Java thread (top to bottom):


---------------  P R O C E S S  ---------------

Threads class SMR info:
_java_thread_list=0x000001fdea850cb0, length=106, elements={
0x000001fdc6f22b70, 0x000001fddf322a90, 0x000001fddf32d670, 0x000001fddf32e4d0,
0x000001fddf7c64e0, 0x000001fddf7c70a0, 0x000001fddf7c7c60, 0x000001fddf7c8820,
0x000001fddf7b7400, 0x000001fddf7bbb80, 0x000001fde403a6c0, 0x000001fde6899490,
0x000001fde5b94c40, 0x000001fde5700f50, 0x000001fde73bc840, 0x000001fde73c06c0,
0x000001fde73c0e90, 0x000001fde8fc0910, 0x000001fde8fbd260, 0x000001fde8fbda30,
0x000001fde8fbf1a0, 0x000001fde8fbe200, 0x000001fde8fc2080, 0x000001fde8fc3fc0,
0x000001fde8fc37f0, 0x000001fddf7c2fb0, 0x000001fddf7c3780, 0x000001fde73f03b0,
0x000001fde73f22f0, 0x000001fde73f1b20, 0x000001fde73f6170, 0x000001fde73f2ac0,
0x000001fde73f4a00, 0x000001fde73f4230, 0x000001fde73f51d0, 0x000001fde73fb2a0,
0x000001fde7b62de0, 0x000001fde7b6a310, 0x000001fde82d2690, 0x000001fde82dd270,
0x000001fdef569af0, 0x000001fdef564500, 0x000001fdef564cd0, 0x000001fdef567bb0,
0x000001fdef56aa90, 0x000001fdef56ba30, 0x000001fde95b23f0, 0x000001fde95b4b00,
0x000001fde95b8980, 0x000001fde95b9150, 0x000001fde95b79e0, 0x000001fde95b9920,
0x000001fdf3c9ec70, 0x000001fdf3c9c560, 0x000001fdf3c9fc10, 0x000001fdf3c9e4a0,
0x000001fdf3ca2af0, 0x000001fdf3ca32c0, 0x000001fdf3ca61a0, 0x000001fdf3ca88b0,
0x000001fdf3ca6970, 0x000001fdf3ca59d0, 0x000001fdf3caa020, 0x000001fde82d7c80,
0x000001fde82d74b0, 0x000001fde82d5d40, 0x000001fde82d45d0, 0x000001fde82d5570,
0x000001fde82d9bc0, 0x000001fde82d6ce0, 0x000001fde82dcaa0, 0x000001fde82de210,
0x000001fde82de9e0, 0x000001fde82e0150, 0x000001fde82e10f0, 0x000001fdef1db5b0,
0x000001fdef1e2ae0, 0x000001fdef1e1b40, 0x000001fdef1e4250, 0x000001fdef1e6190,
0x000001fdf077c440, 0x000001fde7cd7640, 0x000001fde7b6ca20, 0x000001fde7b6e190,
0x000001fdef560680, 0x000001fdef55e740, 0x000001fdef55df70, 0x000001fdef5673e0,
0x000001fde73be780, 0x000001fde73bf720, 0x000001fde73c35a0, 0x000001fde73f9b30,
0x000001fde73f6c50, 0x000001fde4470630, 0x000001fdefeff620, 0x000001fdef1e51f0,
0x000001fdef870d00, 0x000001fdef870530, 0x000001fdef872470, 0x000001fdef873be0,
0x000001fdef8743b0, 0x000001fdef875b20, 0x000001fdef878a00, 0x000001fdef877290,
0x000001fdef8799a0, 0x000001fdef87b110
}

Java Threads: ( => current thread )
  0x000001fdc6f22b70 JavaThread "main"                              [_thread_blocked, id=14232, stack(0x0000009caf500000,0x0000009caf600000) (1024K)]
  0x000001fddf322a90 JavaThread "Common-Cleaner"             daemon [_thread_blocked, id=18680, stack(0x0000009cafd00000,0x0000009cafe00000) (1024K)]
  0x000001fddf32d670 JavaThread "Reference Handler"          daemon [_thread_blocked, id=8464, stack(0x0000009cafe00000,0x0000009caff00000) (1024K)]
  0x000001fddf32e4d0 JavaThread "Finalizer"                  daemon [_thread_blocked, id=16672, stack(0x0000009caff00000,0x0000009cb0000000) (1024K)]
  0x000001fddf7c64e0 JavaThread "Signal Dispatcher"          daemon [_thread_blocked, id=14524, stack(0x0000009cb0000000,0x0000009cb0100000) (1024K)]
  0x000001fddf7c70a0 JavaThread "Attach Listener"            daemon [_thread_blocked, id=25168, stack(0x0000009cb0100000,0x0000009cb0200000) (1024K)]
  0x000001fddf7c7c60 JavaThread "Service Thread"             daemon [_thread_blocked, id=10660, stack(0x0000009cb0200000,0x0000009cb0300000) (1024K)]
  0x000001fddf7c8820 JavaThread "Monitor Deflation Thread"   daemon [_thread_blocked, id=17152, stack(0x0000009cb0300000,0x0000009cb0400000) (1024K)]
=>0x000001fddf7b7400 JavaThread "C2 CompilerThread0"         daemon [_thread_in_native, id=6076, stack(0x0000009cb0400000,0x0000009cb0500000) (1024K)]
  0x000001fddf7bbb80 JavaThread "C1 CompilerThread0"         daemon [_thread_blocked, id=24180, stack(0x0000009cb0500000,0x0000009cb0600000) (1024K)]
  0x000001fde403a6c0 JavaThread "Notification Thread"        daemon [_thread_blocked, id=17928, stack(0x0000009cb0800000,0x0000009cb0900000) (1024K)]
  0x000001fde6899490 JavaThread "Daemon health stats"               [_thread_blocked, id=7472, stack(0x0000009cb1300000,0x0000009cb1400000) (1024K)]
  0x000001fde5b94c40 JavaThread "Incoming local TCP Connector on port 60447"        [_thread_in_native, id=16876, stack(0x0000009cb1400000,0x0000009cb1500000) (1024K)]
  0x000001fde5700f50 JavaThread "Daemon periodic checks"            [_thread_blocked, id=15340, stack(0x0000009cb1500000,0x0000009cb1600000) (1024K)]
  0x000001fde73bc840 JavaThread "Cache worker for journal cache (C:\Users\A S U S\.gradle\caches\journal-1)"        [_thread_blocked, id=16476, stack(0x0000009cb2600000,0x0000009cb2700000) (1024K)]
  0x000001fde73c06c0 JavaThread "File lock request listener"        [_thread_in_native, id=10652, stack(0x0000009cb2700000,0x0000009cb2800000) (1024K)]
  0x000001fde73c0e90 JavaThread "Cache worker for file hash cache (C:\Users\A S U S\.gradle\caches\9.5.0\fileHashes)"        [_thread_blocked, id=4128, stack(0x0000009cb2800000,0x0000009cb2900000) (1024K)]
  0x000001fde8fc0910 JavaThread "File watcher server"        daemon [_thread_in_native, id=22700, stack(0x0000009cb2c00000,0x0000009cb2d00000) (1024K)]
  0x000001fde8fbd260 JavaThread "File watcher consumer"      daemon [_thread_blocked, id=7484, stack(0x0000009cb2d00000,0x0000009cb2e00000) (1024K)]
  0x000001fde8fbda30 JavaThread "jar transforms"                    [_thread_blocked, id=5348, stack(0x0000009cb0a00000,0x0000009cb0b00000) (1024K)]
  0x000001fde8fbf1a0 JavaThread "jar transforms Thread 2"           [_thread_blocked, id=24276, stack(0x0000009cb0b00000,0x0000009cb0c00000) (1024K)]
  0x000001fde8fbe200 JavaThread "jar transforms Thread 3"           [_thread_blocked, id=6304, stack(0x0000009cb0c00000,0x0000009cb0d00000) (1024K)]
  0x000001fde8fc2080 JavaThread "jar transforms Thread 4"           [_thread_blocked, id=16924, stack(0x0000009cb0d00000,0x0000009cb0e00000) (1024K)]
  0x000001fde8fc3fc0 JavaThread "jar transforms Thread 5"           [_thread_blocked, id=22100, stack(0x0000009cb2e00000,0x0000009cb2f00000) (1024K)]
  0x000001fde8fc37f0 JavaThread "jar transforms Thread 6"           [_thread_blocked, id=24644, stack(0x0000009cb2f00000,0x0000009cb3000000) (1024K)]
  0x000001fddf7c2fb0 JavaThread "jar transforms Thread 7"           [_thread_blocked, id=2952, stack(0x0000009cb3000000,0x0000009cb3100000) (1024K)]
  0x000001fddf7c3780 JavaThread "jar transforms Thread 8"           [_thread_blocked, id=10580, stack(0x0000009cb3100000,0x0000009cb3200000) (1024K)]
  0x000001fde73f03b0 JavaThread "jar transforms Thread 9"           [_thread_blocked, id=8720, stack(0x0000009cb3200000,0x0000009cb3300000) (1024K)]
  0x000001fde73f22f0 JavaThread "jar transforms Thread 10"          [_thread_blocked, id=20936, stack(0x0000009cb3300000,0x0000009cb3400000) (1024K)]
  0x000001fde73f1b20 JavaThread "jar transforms Thread 11"          [_thread_blocked, id=7328, stack(0x0000009cb3400000,0x0000009cb3500000) (1024K)]
  0x000001fde73f6170 JavaThread "jar transforms Thread 12"          [_thread_blocked, id=19848, stack(0x0000009cb3500000,0x0000009cb3600000) (1024K)]
  0x000001fde73f2ac0 JavaThread "jar transforms Thread 13"          [_thread_blocked, id=17040, stack(0x0000009cb3600000,0x0000009cb3700000) (1024K)]
  0x000001fde73f4a00 JavaThread "jar transforms Thread 14"          [_thread_blocked, id=16972, stack(0x0000009cb3700000,0x0000009cb3800000) (1024K)]
  0x000001fde73f4230 JavaThread "jar transforms Thread 15"          [_thread_blocked, id=25220, stack(0x0000009cb3800000,0x0000009cb3900000) (1024K)]
  0x000001fde73f51d0 JavaThread "jar transforms Thread 16"          [_thread_blocked, id=15156, stack(0x0000009cb3900000,0x0000009cb3a00000) (1024K)]
  0x000001fde73fb2a0 JavaThread "Cache worker for file content cache (C:\Users\A S U S\.gradle\caches\9.5.0\fileContent)"        [_thread_blocked, id=21952, stack(0x0000009cb3d00000,0x0000009cb3e00000) (1024K)]
  0x000001fde7b62de0 JavaThread "Memory manager"                    [_thread_blocked, id=21992, stack(0x0000009cb4300000,0x0000009cb4400000) (1024K)]
  0x000001fde7b6a310 JavaThread "pool-3-thread-1"                   [_thread_blocked, id=25024, stack(0x0000009cb5200000,0x0000009cb5300000) (1024K)]
  0x000001fde82d2690 JavaThread "pool-6-thread-1"                   [_thread_blocked, id=19208, stack(0x0000009cb4f00000,0x0000009cb5000000) (1024K)]
  0x000001fde82dd270 JavaThread "pool-8-thread-1"                   [_thread_blocked, id=18540, stack(0x0000009cb5100000,0x0000009cb5200000) (1024K)]
  0x000001fdef569af0 JavaThread "pool-11-thread-1"                  [_thread_blocked, id=5576, stack(0x0000009cb5500000,0x0000009cb5600000) (1024K)]
  0x000001fdef564500 JavaThread "pool-13-thread-1"                  [_thread_blocked, id=16636, stack(0x0000009cb5000000,0x0000009cb5100000) (1024K)]
  0x000001fdef564cd0 JavaThread "RMI Scheduler(0)"           daemon [_thread_blocked, id=20324, stack(0x0000009cb2300000,0x0000009cb2400000) (1024K)]
  0x000001fdef567bb0 JavaThread "RMI GC Daemon"              daemon [_thread_blocked, id=13532, stack(0x0000009cb5400000,0x0000009cb5500000) (1024K)]
  0x000001fdef56aa90 JavaThread "RMI TCP Accept-0"           daemon [_thread_in_native, id=22796, stack(0x0000009cb5700000,0x0000009cb5800000) (1024K)]
  0x000001fdef56ba30 JavaThread "RMI Reaper"                        [_thread_blocked, id=17868, stack(0x0000009cb5800000,0x0000009cb5900000) (1024K)]
  0x000001fde95b23f0 JavaThread "Daemon Thread 6"                   [_thread_blocked, id=20116, stack(0x0000009caf200000,0x0000009caf300000) (1024K)]
  0x000001fde95b4b00 JavaThread "Handler for socket connection from /127.0.0.1:60447 to /127.0.0.1:54542"        [_thread_in_native, id=14376, stack(0x0000009caf300000,0x0000009caf400000) (1024K)]
  0x000001fde95b8980 JavaThread "Cancel handler"                    [_thread_blocked, id=24160, stack(0x0000009caf400000,0x0000009caf500000) (1024K)]
  0x000001fde95b9150 JavaThread "Daemon worker Thread 6"            [_thread_blocked, id=10036, stack(0x0000009cb0600000,0x0000009cb0700000) (1024K)]
  0x000001fde95b79e0 JavaThread "Asynchronous log dispatcher for DefaultDaemonConnection: socket connection from /127.0.0.1:60447 to /127.0.0.1:54542"        [_thread_blocked, id=20856, stack(0x0000009cb0700000,0x0000009cb0800000) (1024K)]
  0x000001fde95b9920 JavaThread "Stdin handler"                     [_thread_blocked, id=17048, stack(0x0000009cb0900000,0x0000009cb0a00000) (1024K)]
  0x000001fdf3c9ec70 JavaThread "Daemon client event forwarder"        [_thread_blocked, id=7704, stack(0x0000009cb1f00000,0x0000009cb2000000) (1024K)]
  0x000001fdf3c9c560 JavaThread "Cache worker for file hash cache (D:\ProfilePage\.gradle\9.5.0\fileHashes)"        [_thread_blocked, id=16832, stack(0x0000009cb2100000,0x0000009cb2200000) (1024K)]
  0x000001fdf3c9fc10 JavaThread "Cache worker for checksums cache (D:\ProfilePage\.gradle\9.5.0\checksums)"        [_thread_blocked, id=1628, stack(0x0000009cb2200000,0x0000009cb2300000) (1024K)]
  0x000001fdf3c9e4a0 JavaThread "Cache worker for Build Output Cleanup Cache (D:\ProfilePage\.gradle\buildOutputCleanup)"        [_thread_blocked, id=6332, stack(0x0000009cb2400000,0x0000009cb2500000) (1024K)]
  0x000001fdf3ca2af0 JavaThread "Cache worker for cache directory md-supplier (C:\Users\A S U S\.gradle\caches\9.5.0\md-supplier)"        [_thread_blocked, id=13800, stack(0x0000009cb2500000,0x0000009cb2600000) (1024K)]
  0x000001fdf3ca32c0 JavaThread "Cache worker for cache directory md-rule (C:\Users\A S U S\.gradle\caches\9.5.0\md-rule)"        [_thread_blocked, id=12932, stack(0x0000009cb2900000,0x0000009cb2a00000) (1024K)]
  0x000001fdf3ca61a0 JavaThread "build event listener"              [_thread_blocked, id=10264, stack(0x0000009cb2b00000,0x0000009cb2c00000) (1024K)]
  0x000001fdf3ca88b0 JavaThread "build event listener"              [_thread_blocked, id=22808, stack(0x0000009cb3a00000,0x0000009cb3b00000) (1024K)]
  0x000001fdf3ca6970 JavaThread "build event listener"              [_thread_blocked, id=13128, stack(0x0000009cb3b00000,0x0000009cb3c00000) (1024K)]
  0x000001fdf3ca59d0 JavaThread "Build operations"                  [_thread_blocked, id=23532, stack(0x0000009cb3c00000,0x0000009cb3d00000) (1024K)]
  0x000001fdf3caa020 JavaThread "included builds"                   [_thread_blocked, id=22160, stack(0x0000009cb3e00000,0x0000009cb3f00000) (1024K)]
  0x000001fde82d7c80 JavaThread "Execution worker"                  [_thread_blocked, id=13480, stack(0x0000009cb3f00000,0x0000009cb4000000) (1024K)]
  0x000001fde82d74b0 JavaThread "Execution worker Thread 2"         [_thread_blocked, id=19616, stack(0x0000009cb4000000,0x0000009cb4100000) (1024K)]
  0x000001fde82d5d40 JavaThread "Execution worker Thread 3"         [_thread_blocked, id=4480, stack(0x0000009cb4100000,0x0000009cb4200000) (1024K)]
  0x000001fde82d45d0 JavaThread "Execution worker Thread 4"         [_thread_blocked, id=3068, stack(0x0000009cb4200000,0x0000009cb4300000) (1024K)]
  0x000001fde82d5570 JavaThread "Execution worker Thread 5"         [_thread_blocked, id=15720, stack(0x0000009cb4400000,0x0000009cb4500000) (1024K)]
  0x000001fde82d9bc0 JavaThread "Execution worker Thread 6"         [_thread_blocked, id=20816, stack(0x0000009cb4500000,0x0000009cb4600000) (1024K)]
  0x000001fde82d6ce0 JavaThread "Execution worker Thread 7"         [_thread_blocked, id=23924, stack(0x0000009cb4600000,0x0000009cb4700000) (1024K)]
  0x000001fde82dcaa0 JavaThread "Execution worker Thread 8"         [_thread_blocked, id=17076, stack(0x0000009cb4700000,0x0000009cb4800000) (1024K)]
  0x000001fde82de210 JavaThread "Execution worker Thread 9"         [_thread_blocked, id=10796, stack(0x0000009cb4800000,0x0000009cb4900000) (1024K)]
  0x000001fde82de9e0 JavaThread "Execution worker Thread 10"        [_thread_blocked, id=9480, stack(0x0000009cb4900000,0x0000009cb4a00000) (1024K)]
  0x000001fde82e0150 JavaThread "Execution worker Thread 11"        [_thread_blocked, id=18224, stack(0x0000009cb4a00000,0x0000009cb4b00000) (1024K)]
  0x000001fde82e10f0 JavaThread "Execution worker Thread 12"        [_thread_blocked, id=9732, stack(0x0000009cb4b00000,0x0000009cb4c00000) (1024K)]
  0x000001fdef1db5b0 JavaThread "Execution worker Thread 13"        [_thread_blocked, id=24904, stack(0x0000009cb4c00000,0x0000009cb4d00000) (1024K)]
  0x000001fdef1e2ae0 JavaThread "Execution worker Thread 14"        [_thread_blocked, id=20980, stack(0x0000009cb4d00000,0x0000009cb4e00000) (1024K)]
  0x000001fdef1e1b40 JavaThread "Execution worker Thread 15"        [_thread_blocked, id=25568, stack(0x0000009cb5300000,0x0000009cb5400000) (1024K)]
  0x000001fdef1e4250 JavaThread "Cache worker for execution history cache (D:\ProfilePage\.gradle\9.5.0\executionHistory)"        [_thread_blocked, id=23676, stack(0x0000009cb5900000,0x0000009cb5a00000) (1024K)]
  0x000001fdef1e6190 JavaThread "pool-15-thread-1"                  [_thread_blocked, id=10008, stack(0x0000009cb5b00000,0x0000009cb5c00000) (1024K)]
  0x000001fdf077c440 JavaThread "C1 CompilerThread1"         daemon [_thread_blocked, id=10776, stack(0x0000009cb5c00000,0x0000009cb5d00000) (1024K)]
  0x000001fde7cd7640 JavaThread "C1 CompilerThread2"         daemon [_thread_blocked, id=10392, stack(0x0000009cb4e00000,0x0000009cb4f00000) (1024K)]
  0x000001fde7b6ca20 JavaThread "WorkerExecutor Queue"              [_thread_blocked, id=15024, stack(0x0000009cb5e00000,0x0000009cb5f00000) (1024K)]
  0x000001fde7b6e190 JavaThread "WorkerExecutor Queue Thread 2"        [_thread_blocked, id=12176, stack(0x0000009cb5f00000,0x0000009cb6000000) (1024K)]
  0x000001fdef560680 JavaThread "WorkerExecutor Queue Thread 3"        [_thread_blocked, id=19960, stack(0x0000009cb6000000,0x0000009cb6100000) (1024K)]
  0x000001fdef55e740 JavaThread "Build operations Thread 2"         [_thread_blocked, id=2708, stack(0x0000009cb6100000,0x0000009cb6200000) (1024K)]
  0x000001fdef55df70 JavaThread "WorkerExecutor Queue Thread 4"        [_thread_in_native, id=14348, stack(0x0000009cb6200000,0x0000009cb6300000) (1024K)]
  0x000001fdef5673e0 JavaThread "pool-16-thread-1"                  [_thread_blocked, id=17380, stack(0x0000009cb6300000,0x0000009cb6400000) (1024K)]
  0x000001fde73be780 JavaThread "WorkerExecutor Queue Thread 5"        [_thread_blocked, id=14932, stack(0x0000009cb5a00000,0x0000009cb5b00000) (1024K)]
  0x000001fde73bf720 JavaThread "RMI RenewClean-[127.0.0.1:17535,org.jetbrains.kotlin.daemon.common.LoopbackNetworkInterface$ClientLoopbackSocketFactory@363689e3]" daemon [_thread_blocked, id=4628, stack(0x0000009cb6400000,0x0000009cb6500000) (1024K)]
  0x000001fde73c35a0 JavaThread "RMI TCP Connection(3)-127.0.0.1" daemon [_thread_in_native, id=18268, stack(0x0000009cb6500000,0x0000009cb6600000) (1024K)]
  0x000001fde73f9b30 JavaThread "stderr"                            [_thread_in_native, id=23052, stack(0x0000009cb6600000,0x0000009cb6700000) (1024K)]
  0x000001fde73f6c50 JavaThread "stdout"                            [_thread_in_native, id=13908, stack(0x0000009cb6700000,0x0000009cb6800000) (1024K)]
  0x000001fde4470630 JavaThread "C2 CompilerThread1"         daemon [_thread_in_native, id=20352, stack(0x0000009cb2000000,0x0000009cb2100000) (1024K)]
  0x000001fdefeff620 JavaThread "C2 CompilerThread2"         daemon [_thread_in_native, id=22352, stack(0x0000009cb2a00000,0x0000009cb2b00000) (1024K)]
  0x000001fdef1e51f0 JavaThread "WorkerExecutor Queue Thread 6"        [_thread_blocked, id=20928, stack(0x0000009cb5600000,0x0000009cb5700000) (1024K)]
  0x000001fdef870d00 JavaThread "WorkerExecutor Queue Thread 7"        [_thread_blocked, id=12880, stack(0x0000009cb5d00000,0x0000009cb5e00000) (1024K)]
  0x000001fdef870530 JavaThread "WorkerExecutor Queue Thread 8"        [_thread_blocked, id=11828, stack(0x0000009cb6800000,0x0000009cb6900000) (1024K)]
  0x000001fdef872470 JavaThread "WorkerExecutor Queue Thread 9"        [_thread_blocked, id=20636, stack(0x0000009cb6900000,0x0000009cb6a00000) (1024K)]
  0x000001fdef873be0 JavaThread "WorkerExecutor Queue Thread 10"        [_thread_blocked, id=23148, stack(0x0000009cb6a00000,0x0000009cb6b00000) (1024K)]
  0x000001fdef8743b0 JavaThread "WorkerExecutor Queue Thread 11"        [_thread_blocked, id=25488, stack(0x0000009cb6b00000,0x0000009cb6c00000) (1024K)]
  0x000001fdef875b20 JavaThread "WorkerExecutor Queue Thread 12"        [_thread_blocked, id=16080, stack(0x0000009cb6c00000,0x0000009cb6d00000) (1024K)]
  0x000001fdef878a00 JavaThread "WorkerExecutor Queue Thread 13"        [_thread_blocked, id=18924, stack(0x0000009cb6d00000,0x0000009cb6e00000) (1024K)]
  0x000001fdef877290 JavaThread "WorkerExecutor Queue Thread 14"        [_thread_blocked, id=3280, stack(0x0000009cb6e00000,0x0000009cb6f00000) (1024K)]
  0x000001fdef8799a0 JavaThread "WorkerExecutor Queue Thread 15"        [_thread_blocked, id=19016, stack(0x0000009cb6f00000,0x0000009cb7000000) (1024K)]
  0x000001fdef87b110 JavaThread "WorkerExecutor Queue Thread 16"        [_thread_blocked, id=21236, stack(0x0000009cb7000000,0x0000009cb7100000) (1024K)]
Total: 106

Other Threads:
  0x000001fddf2ff860 VMThread "VM Thread"                           [id=10764, stack(0x0000009cafc00000,0x0000009cafd00000) (1024K)]
  0x000001fddf2c1080 WatcherThread "VM Periodic Task Thread"        [id=24232, stack(0x0000009cafb00000,0x0000009cafc00000) (1024K)]
  0x000001fdc6f7c1f0 WorkerThread "GC Thread#0"                     [id=17268, stack(0x0000009caf600000,0x0000009caf700000) (1024K)]
  0x000001fde512d090 WorkerThread "GC Thread#1"                     [id=20248, stack(0x0000009cb0e00000,0x0000009cb0f00000) (1024K)]
  0x000001fde512d4c0 WorkerThread "GC Thread#2"                     [id=12700, stack(0x0000009cb0f00000,0x0000009cb1000000) (1024K)]
  0x000001fde512d8f0 WorkerThread "GC Thread#3"                     [id=11208, stack(0x0000009cb1000000,0x0000009cb1100000) (1024K)]
  0x000001fde512dd20 WorkerThread "GC Thread#4"                     [id=22544, stack(0x0000009cb1100000,0x0000009cb1200000) (1024K)]
  0x000001fde4034a40 WorkerThread "GC Thread#5"                     [id=10040, stack(0x0000009cb1200000,0x0000009cb1300000) (1024K)]
  0x000001fde65792e0 WorkerThread "GC Thread#6"                     [id=12864, stack(0x0000009cb1600000,0x0000009cb1700000) (1024K)]
  0x000001fde65774b0 WorkerThread "GC Thread#7"                     [id=18668, stack(0x0000009cb1700000,0x0000009cb1800000) (1024K)]
  0x000001fde65785f0 WorkerThread "GC Thread#8"                     [id=23804, stack(0x0000009cb1800000,0x0000009cb1900000) (1024K)]
  0x000001fde6578a40 WorkerThread "GC Thread#9"                     [id=5380, stack(0x0000009cb1900000,0x0000009cb1a00000) (1024K)]
  0x000001fde6579730 WorkerThread "GC Thread#10"                    [id=24700, stack(0x0000009cb1a00000,0x0000009cb1b00000) (1024K)]
  0x000001fde6579b80 WorkerThread "GC Thread#11"                    [id=21900, stack(0x0000009cb1b00000,0x0000009cb1c00000) (1024K)]
  0x000001fde6577900 WorkerThread "GC Thread#12"                    [id=15288, stack(0x0000009cb1c00000,0x0000009cb1d00000) (1024K)]
  0x000001fdc6f962d0 ConcurrentGCThread "G1 Main Marker"            [id=16424, stack(0x0000009caf700000,0x0000009caf800000) (1024K)]
  0x000001fdc6f96e70 WorkerThread "G1 Conc#0"                       [id=8836, stack(0x0000009caf800000,0x0000009caf900000) (1024K)]
  0x000001fde657a870 WorkerThread "G1 Conc#1"                       [id=25228, stack(0x0000009cb1d00000,0x0000009cb1e00000) (1024K)]
  0x000001fde6577d50 WorkerThread "G1 Conc#2"                       [id=13364, stack(0x0000009cb1e00000,0x0000009cb1f00000) (1024K)]
  0x000001fddf16f4d0 ConcurrentGCThread "G1 Refine#0"               [id=1780, stack(0x0000009caf900000,0x0000009cafa00000) (1024K)]
  0x000001fddf16ff90 ConcurrentGCThread "G1 Service"                [id=21684, stack(0x0000009cafa00000,0x0000009cafb00000) (1024K)]
Total: 21

Threads with active compile tasks:
C2 CompilerThread0  1607930 25955       4       org.gradle.api.internal.artifacts.transform.TransformStep::lambda$createInvocation$2 (93 bytes)
C2 CompilerThread1  1607930 25998 %     4       org.objectweb.asm.ClassWriter::toByteArray @ 865 (1535 bytes)
C2 CompilerThread2  1607930 25996   !   4       java.io.ObjectOutputStream::writeOrdinaryObject (196 bytes)
Total: 3

VM state: not at safepoint (normal execution)

VM Mutex/Monitor currently owned by a thread: None

Heap address: 0x0000000080000000, size: 2048 MB, Compressed Oops mode: 32-bit

CDS archive(s) not mapped
Compressed class space mapped at: 0x0000000033000000-0x0000000073000000, reserved size: 1073741824
UseCompressedClassPointers 1, UseCompactObjectHeaders 0
Narrow klass pointer bits 32, Max shift 3
Narrow klass base: 0x0000000000000000, Narrow klass shift: 0
Encoding Range: [0x0000000000000000 - 0x0000000100000000), (4294967296 bytes)
Klass Range:    [0x0000000033000000 - 0x0000000073000000), (1073741824 bytes)
Klass ID Range:  [855638016 - 1929379833) (1073741817)
No protection zone.

GC Precious Log:
 CardTable entry size: 512
 Card Set container configuration: InlinePtr #cards 5 size 8 Array Of Cards #cards 10 size 36 Howl #buckets 4 coarsen threshold 1843 Howl Bitmap #cards 512 size 80 coarsen threshold 460 Card regions per heap region 1 cards per card region 2048
 CPUs: 16 total, 16 available
 Memory: 16002M
 Large Page Support: Disabled
 NUMA Support: Disabled
 Compressed Oops: Enabled (32-bit)
 Heap Region Size: 1M
 Heap Min Capacity: 8M
 Heap Initial Capacity: 252M
 Heap Max Capacity: 2G
 Pre-touch: Disabled
 Parallel Workers: 13
 Concurrent Workers: 3
 Concurrent Refinement Workers: 13
 Periodic GC: Disabled

Heap:
 garbage-first heap   total reserved 2097152K, committed 374784K, used 238450K [0x0000000080000000, 0x0000000100000000)
  region size 1024K, 47 young (48128K), 11 survivors (11264K)

Heap Regions: E=young(eden), S=young(survivor), O=old, HS=humongous(starts), HC=humongous(continues), CS=collection set, F=free, TAMS=top-at-mark-start, PB=parsable bottom
|   0|0x0000000080000000, 0x0000000080100000, 0x0000000080100000|100%|HS|  |TAMS 0x0000000080000000| PB 0x0000000080000000| Complete |  0
|   1|0x0000000080100000, 0x0000000080200000, 0x0000000080200000|100%|HC|  |TAMS 0x0000000080100000| PB 0x0000000080100000| Complete |  0
|   2|0x0000000080200000, 0x0000000080300000, 0x0000000080300000|100%|HC|  |TAMS 0x0000000080200000| PB 0x0000000080200000| Complete |  0
|   3|0x0000000080300000, 0x0000000080400000, 0x0000000080400000|100%|HC|  |TAMS 0x0000000080300000| PB 0x0000000080300000| Complete |  0
|   4|0x0000000080400000, 0x0000000080500000, 0x0000000080500000|100%| O|  |TAMS 0x0000000080400000| PB 0x0000000080400000| Untracked |  0
|   5|0x0000000080500000, 0x0000000080600000, 0x0000000080600000|100%| O|  |TAMS 0x0000000080500000| PB 0x0000000080500000| Untracked |  0
|   6|0x0000000080600000, 0x0000000080700000, 0x0000000080700000|100%| O|  |TAMS 0x0000000080600000| PB 0x0000000080600000| Untracked |  0
|   7|0x0000000080700000, 0x0000000080800000, 0x0000000080800000|100%|HS|  |TAMS 0x0000000080700000| PB 0x0000000080700000| Complete |  0
|   8|0x0000000080800000, 0x0000000080900000, 0x0000000080900000|100%| O|  |TAMS 0x0000000080800000| PB 0x0000000080800000| Untracked |  0
|   9|0x0000000080900000, 0x0000000080a00000, 0x0000000080a00000|100%| O|  |TAMS 0x0000000080900000| PB 0x0000000080900000| Untracked |  0
|  10|0x0000000080a00000, 0x0000000080b00000, 0x0000000080b00000|100%| O|  |TAMS 0x0000000080a00000| PB 0x0000000080a00000| Untracked |  0
|  11|0x0000000080b00000, 0x0000000080c00000, 0x0000000080c00000|100%| O|  |TAMS 0x0000000080b00000| PB 0x0000000080b00000| Untracked |  0
|  12|0x0000000080c00000, 0x0000000080d00000, 0x0000000080d00000|100%| O|  |TAMS 0x0000000080c00000| PB 0x0000000080c00000| Untracked |  0
|  13|0x0000000080d00000, 0x0000000080e00000, 0x0000000080e00000|100%| O|  |TAMS 0x0000000080d00000| PB 0x0000000080d00000| Untracked |  0
|  14|0x0000000080e00000, 0x0000000080f00000, 0x0000000080f00000|100%| O|  |TAMS 0x0000000080e00000| PB 0x0000000080e00000| Untracked |  0
|  15|0x0000000080f00000, 0x0000000081000000, 0x0000000081000000|100%| O|  |TAMS 0x0000000080f00000| PB 0x0000000080f00000| Untracked |  0
|  16|0x0000000081000000, 0x0000000081100000, 0x0000000081100000|100%| O|  |TAMS 0x0000000081000000| PB 0x0000000081000000| Untracked |  0
|  17|0x0000000081100000, 0x0000000081200000, 0x0000000081200000|100%|HS|  |TAMS 0x0000000081100000| PB 0x0000000081100000| Complete |  0
|  18|0x0000000081200000, 0x0000000081300000, 0x0000000081300000|100%|HC|  |TAMS 0x0000000081200000| PB 0x0000000081200000| Complete |  0
|  19|0x0000000081300000, 0x0000000081400000, 0x0000000081400000|100%|HC|  |TAMS 0x0000000081300000| PB 0x0000000081300000| Complete |  0
|  20|0x0000000081400000, 0x0000000081500000, 0x0000000081500000|100%|HC|  |TAMS 0x0000000081400000| PB 0x0000000081400000| Complete |  0
|  21|0x0000000081500000, 0x0000000081600000, 0x0000000081600000|100%|HC|  |TAMS 0x0000000081500000| PB 0x0000000081500000| Complete |  0
|  22|0x0000000081600000, 0x0000000081700000, 0x0000000081700000|100%|HC|  |TAMS 0x0000000081600000| PB 0x0000000081600000| Complete |  0
|  23|0x0000000081700000, 0x0000000081800000, 0x0000000081800000|100%|HS|  |TAMS 0x0000000081700000| PB 0x0000000081700000| Complete |  0
|  24|0x0000000081800000, 0x0000000081900000, 0x0000000081900000|100%|HS|  |TAMS 0x0000000081800000| PB 0x0000000081800000| Complete |  0
|  25|0x0000000081900000, 0x0000000081a00000, 0x0000000081a00000|100%|HS|  |TAMS 0x0000000081900000| PB 0x0000000081900000| Complete |  0
|  26|0x0000000081a00000, 0x0000000081b00000, 0x0000000081b00000|100%|HC|  |TAMS 0x0000000081a00000| PB 0x0000000081a00000| Complete |  0
|  27|0x0000000081b00000, 0x0000000081c00000, 0x0000000081c00000|100%|HC|  |TAMS 0x0000000081b00000| PB 0x0000000081b00000| Complete |  0
|  28|0x0000000081c00000, 0x0000000081d00000, 0x0000000081d00000|100%|HC|  |TAMS 0x0000000081c00000| PB 0x0000000081c00000| Complete |  0
|  29|0x0000000081d00000, 0x0000000081e00000, 0x0000000081e00000|100%|HC|  |TAMS 0x0000000081d00000| PB 0x0000000081d00000| Complete |  0
|  30|0x0000000081e00000, 0x0000000081f00000, 0x0000000081f00000|100%|HC|  |TAMS 0x0000000081e00000| PB 0x0000000081e00000| Complete |  0
|  31|0x0000000081f00000, 0x0000000082000000, 0x0000000082000000|100%|HS|  |TAMS 0x0000000081f00000| PB 0x0000000081f00000| Complete |  0
|  32|0x0000000082000000, 0x0000000082100000, 0x0000000082100000|100%| O|  |TAMS 0x0000000082000000| PB 0x0000000082000000| Untracked |  0
|  33|0x0000000082100000, 0x0000000082200000, 0x0000000082200000|100%| O|  |TAMS 0x0000000082100000| PB 0x0000000082100000| Untracked |  0
|  34|0x0000000082200000, 0x0000000082300000, 0x0000000082300000|100%| O|  |TAMS 0x0000000082200000| PB 0x0000000082200000| Untracked |  0
|  35|0x0000000082300000, 0x0000000082400000, 0x0000000082400000|100%|HS|  |TAMS 0x0000000082300000| PB 0x0000000082300000| Complete |  0
|  36|0x0000000082400000, 0x0000000082500000, 0x0000000082500000|100%| O|  |TAMS 0x0000000082400000| PB 0x0000000082400000| Untracked |  0
|  37|0x0000000082500000, 0x0000000082600000, 0x0000000082600000|100%| O|  |TAMS 0x0000000082500000| PB 0x0000000082500000| Untracked |  0
|  38|0x0000000082600000, 0x0000000082700000, 0x0000000082700000|100%| O|  |TAMS 0x0000000082600000| PB 0x0000000082600000| Untracked |  0
|  39|0x0000000082700000, 0x0000000082800000, 0x0000000082800000|100%| O|  |TAMS 0x0000000082700000| PB 0x0000000082700000| Untracked |  0
|  40|0x0000000082800000, 0x0000000082900000, 0x0000000082900000|100%| O|  |TAMS 0x0000000082800000| PB 0x0000000082800000| Untracked |  0
|  41|0x0000000082900000, 0x0000000082a00000, 0x0000000082a00000|100%| O|  |TAMS 0x0000000082900000| PB 0x0000000082900000| Untracked |  0
|  42|0x0000000082a00000, 0x0000000082b00000, 0x0000000082b00000|100%| O|  |TAMS 0x0000000082a00000| PB 0x0000000082a00000| Untracked |  0
|  43|0x0000000082b00000, 0x0000000082c00000, 0x0000000082c00000|100%| O|  |TAMS 0x0000000082b00000| PB 0x0000000082b00000| Untracked |  0
|  44|0x0000000082c00000, 0x0000000082d00000, 0x0000000082d00000|100%| O|  |TAMS 0x0000000082c00000| PB 0x0000000082c00000| Untracked |  0
|  45|0x0000000082d00000, 0x0000000082e00000, 0x0000000082e00000|100%| O|  |TAMS 0x0000000082d00000| PB 0x0000000082d00000| Untracked |  0
|  46|0x0000000082e00000, 0x0000000082f00000, 0x0000000082f00000|100%| O|  |TAMS 0x0000000082e00000| PB 0x0000000082e00000| Untracked |  0
|  47|0x0000000082f00000, 0x0000000083000000, 0x0000000083000000|100%| O|  |TAMS 0x0000000082f00000| PB 0x0000000082f00000| Untracked |  0
|  48|0x0000000083000000, 0x0000000083100000, 0x0000000083100000|100%| O|  |TAMS 0x0000000083000000| PB 0x0000000083000000| Untracked |  0
|  49|0x0000000083100000, 0x0000000083200000, 0x0000000083200000|100%| O|  |TAMS 0x0000000083100000| PB 0x0000000083100000| Untracked |  0
|  50|0x0000000083200000, 0x0000000083200000, 0x0000000083300000|  0%| F|  |TAMS 0x0000000083200000| PB 0x0000000083200000| Untracked |  0
|  51|0x0000000083300000, 0x0000000083400000, 0x0000000083400000|100%| O|  |TAMS 0x0000000083300000| PB 0x0000000083300000| Untracked |  0
|  52|0x0000000083400000, 0x0000000083500000, 0x0000000083500000|100%| O|  |TAMS 0x0000000083400000| PB 0x0000000083400000| Untracked |  0
|  53|0x0000000083500000, 0x0000000083600000, 0x0000000083600000|100%| O|  |TAMS 0x0000000083500000| PB 0x0000000083500000| Untracked |  0
|  54|0x0000000083600000, 0x0000000083600000, 0x0000000083700000|  0%| F|  |TAMS 0x0000000083600000| PB 0x0000000083600000| Untracked |  0
|  55|0x0000000083700000, 0x0000000083800000, 0x0000000083800000|100%| O|  |TAMS 0x0000000083700000| PB 0x0000000083700000| Untracked |  0
|  56|0x0000000083800000, 0x0000000083800000, 0x0000000083900000|  0%| F|  |TAMS 0x0000000083800000| PB 0x0000000083800000| Untracked |  0
|  57|0x0000000083900000, 0x0000000083a00000, 0x0000000083a00000|100%| O|  |TAMS 0x0000000083900000| PB 0x0000000083900000| Untracked |  0
|  58|0x0000000083a00000, 0x0000000083b00000, 0x0000000083b00000|100%| O|  |TAMS 0x0000000083a00000| PB 0x0000000083a00000| Untracked |  0
|  59|0x0000000083b00000, 0x0000000083c00000, 0x0000000083c00000|100%| O|  |TAMS 0x0000000083b00000| PB 0x0000000083b00000| Untracked |  0
|  60|0x0000000083c00000, 0x0000000083d00000, 0x0000000083d00000|100%| O|  |TAMS 0x0000000083c00000| PB 0x0000000083c00000| Untracked |  0
|  61|0x0000000083d00000, 0x0000000083e00000, 0x0000000083e00000|100%| O|  |TAMS 0x0000000083d00000| PB 0x0000000083d00000| Untracked |  0
|  62|0x0000000083e00000, 0x0000000083f00000, 0x0000000083f00000|100%| O|  |TAMS 0x0000000083e00000| PB 0x0000000083e00000| Untracked |  0
|  63|0x0000000083f00000, 0x0000000084000000, 0x0000000084000000|100%| O|  |TAMS 0x0000000083f00000| PB 0x0000000083f00000| Untracked |  0
|  64|0x0000000084000000, 0x0000000084100000, 0x0000000084100000|100%| O|  |TAMS 0x0000000084000000| PB 0x0000000084000000| Untracked |  0
|  65|0x0000000084100000, 0x0000000084200000, 0x0000000084200000|100%| O|  |TAMS 0x0000000084100000| PB 0x0000000084100000| Untracked |  0
|  66|0x0000000084200000, 0x0000000084300000, 0x0000000084300000|100%| O|  |TAMS 0x0000000084200000| PB 0x0000000084200000| Untracked |  0
|  67|0x0000000084300000, 0x0000000084400000, 0x0000000084400000|100%|HS|  |TAMS 0x0000000084300000| PB 0x0000000084300000| Complete |  0
|  68|0x0000000084400000, 0x0000000084500000, 0x0000000084500000|100%|HS|  |TAMS 0x0000000084400000| PB 0x0000000084400000| Complete |  0
|  69|0x0000000084500000, 0x0000000084600000, 0x0000000084600000|100%|HS|  |TAMS 0x0000000084500000| PB 0x0000000084500000| Complete |  0
|  70|0x0000000084600000, 0x0000000084700000, 0x0000000084700000|100%|HS|  |TAMS 0x0000000084600000| PB 0x0000000084600000| Complete |  0
|  71|0x0000000084700000, 0x0000000084700000, 0x0000000084800000|  0%| F|  |TAMS 0x0000000084700000| PB 0x0000000084700000| Untracked |  0
|  72|0x0000000084800000, 0x0000000084900000, 0x0000000084900000|100%|HS|  |TAMS 0x0000000084800000| PB 0x0000000084800000| Complete |  0
|  73|0x0000000084900000, 0x0000000084a00000, 0x0000000084a00000|100%|HC|  |TAMS 0x0000000084900000| PB 0x0000000084900000| Complete |  0
|  74|0x0000000084a00000, 0x0000000084b00000, 0x0000000084b00000|100%|HS|  |TAMS 0x0000000084a00000| PB 0x0000000084a00000| Complete |  0
|  75|0x0000000084b00000, 0x0000000084c00000, 0x0000000084c00000|100%|HC|  |TAMS 0x0000000084b00000| PB 0x0000000084b00000| Complete |  0
|  76|0x0000000084c00000, 0x0000000084d00000, 0x0000000084d00000|100%|HS|  |TAMS 0x0000000084c00000| PB 0x0000000084c00000| Complete |  0
|  77|0x0000000084d00000, 0x0000000084e00000, 0x0000000084e00000|100%|HS|  |TAMS 0x0000000084d00000| PB 0x0000000084d00000| Complete |  0
|  78|0x0000000084e00000, 0x0000000084f00000, 0x0000000084f00000|100%| O|  |TAMS 0x0000000084e00000| PB 0x0000000084e00000| Untracked |  0
|  79|0x0000000084f00000, 0x0000000085000000, 0x0000000085000000|100%|HS|  |TAMS 0x0000000084f00000| PB 0x0000000084f00000| Complete |  0
|  80|0x0000000085000000, 0x0000000085100000, 0x0000000085100000|100%| O|  |TAMS 0x0000000085000000| PB 0x0000000085000000| Untracked |  0
|  81|0x0000000085100000, 0x0000000085200000, 0x0000000085200000|100%|HS|  |TAMS 0x0000000085100000| PB 0x0000000085100000| Complete |  0
|  82|0x0000000085200000, 0x0000000085200000, 0x0000000085300000|  0%| F|  |TAMS 0x0000000085200000| PB 0x0000000085200000| Untracked |  0
|  83|0x0000000085300000, 0x0000000085400000, 0x0000000085400000|100%| O|  |TAMS 0x0000000085300000| PB 0x0000000085300000| Untracked |  0
|  84|0x0000000085400000, 0x0000000085500000, 0x0000000085500000|100%| O|  |TAMS 0x0000000085400000| PB 0x0000000085400000| Untracked |  0
|  85|0x0000000085500000, 0x0000000085600000, 0x0000000085600000|100%| O|  |TAMS 0x0000000085500000| PB 0x0000000085500000| Untracked |  0
|  86|0x0000000085600000, 0x0000000085700000, 0x0000000085700000|100%|HS|  |TAMS 0x0000000085600000| PB 0x0000000085600000| Complete |  0
|  87|0x0000000085700000, 0x0000000085800000, 0x0000000085800000|100%| O|  |TAMS 0x0000000085700000| PB 0x0000000085700000| Untracked |  0
|  88|0x0000000085800000, 0x0000000085900000, 0x0000000085900000|100%| O|  |TAMS 0x0000000085800000| PB 0x0000000085800000| Untracked |  0
|  89|0x0000000085900000, 0x0000000085a00000, 0x0000000085a00000|100%| O|  |TAMS 0x0000000085900000| PB 0x0000000085900000| Untracked |  0
|  90|0x0000000085a00000, 0x0000000085b00000, 0x0000000085b00000|100%| O|  |TAMS 0x0000000085a00000| PB 0x0000000085a00000| Untracked |  0
|  91|0x0000000085b00000, 0x0000000085c00000, 0x0000000085c00000|100%| O|  |TAMS 0x0000000085b00000| PB 0x0000000085b00000| Untracked |  0
|  92|0x0000000085c00000, 0x0000000085d00000, 0x0000000085d00000|100%| O|  |TAMS 0x0000000085c00000| PB 0x0000000085c00000| Untracked |  0
|  93|0x0000000085d00000, 0x0000000085e00000, 0x0000000085e00000|100%| O|  |TAMS 0x0000000085d00000| PB 0x0000000085d00000| Untracked |  0
|  94|0x0000000085e00000, 0x0000000085f00000, 0x0000000085f00000|100%| O|  |TAMS 0x0000000085e00000| PB 0x0000000085e00000| Untracked |  0
|  95|0x0000000085f00000, 0x0000000086000000, 0x0000000086000000|100%| O|  |TAMS 0x0000000085f00000| PB 0x0000000085f00000| Untracked |  0
|  96|0x0000000086000000, 0x0000000086100000, 0x0000000086100000|100%| O|  |TAMS 0x0000000086000000| PB 0x0000000086000000| Untracked |  0
|  97|0x0000000086100000, 0x0000000086200000, 0x0000000086200000|100%| O|  |TAMS 0x0000000086100000| PB 0x0000000086100000| Untracked |  0
|  98|0x0000000086200000, 0x0000000086300000, 0x0000000086300000|100%| O|  |TAMS 0x0000000086200000| PB 0x0000000086200000| Untracked |  0
|  99|0x0000000086300000, 0x0000000086400000, 0x0000000086400000|100%| O|  |TAMS 0x0000000086300000| PB 0x0000000086300000| Untracked |  0
| 100|0x0000000086400000, 0x0000000086500000, 0x0000000086500000|100%| O|  |TAMS 0x0000000086400000| PB 0x0000000086400000| Untracked |  0
| 101|0x0000000086500000, 0x0000000086600000, 0x0000000086600000|100%| O|  |TAMS 0x0000000086500000| PB 0x0000000086500000| Untracked |  0
| 102|0x0000000086600000, 0x0000000086700000, 0x0000000086700000|100%| O|  |TAMS 0x0000000086600000| PB 0x0000000086600000| Untracked |  0
| 103|0x0000000086700000, 0x0000000086700000, 0x0000000086800000|  0%| F|  |TAMS 0x0000000086700000| PB 0x0000000086700000| Untracked |  0
| 104|0x0000000086800000, 0x0000000086900000, 0x0000000086900000|100%| O|  |TAMS 0x0000000086800000| PB 0x0000000086800000| Untracked |  0
| 105|0x0000000086900000, 0x0000000086a00000, 0x0000000086a00000|100%| O|  |TAMS 0x0000000086900000| PB 0x0000000086900000| Untracked |  0
| 106|0x0000000086a00000, 0x0000000086b00000, 0x0000000086b00000|100%| O|  |TAMS 0x0000000086a00000| PB 0x0000000086a00000| Untracked |  0
| 107|0x0000000086b00000, 0x0000000086c00000, 0x0000000086c00000|100%| O|  |TAMS 0x0000000086b00000| PB 0x0000000086b00000| Untracked |  0
| 108|0x0000000086c00000, 0x0000000086d00000, 0x0000000086d00000|100%| O|  |TAMS 0x0000000086c00000| PB 0x0000000086c00000| Untracked |  0
| 109|0x0000000086d00000, 0x0000000086e00000, 0x0000000086e00000|100%| O|  |TAMS 0x0000000086d00000| PB 0x0000000086d00000| Untracked |  0
| 110|0x0000000086e00000, 0x0000000086f00000, 0x0000000086f00000|100%| O|  |TAMS 0x0000000086e00000| PB 0x0000000086e00000| Untracked |  0
| 111|0x0000000086f00000, 0x0000000086f00000, 0x0000000087000000|  0%| F|  |TAMS 0x0000000086f00000| PB 0x0000000086f00000| Untracked |  0
| 112|0x0000000087000000, 0x0000000087100000, 0x0000000087100000|100%| O|  |TAMS 0x0000000087000000| PB 0x0000000087000000| Untracked |  0
| 113|0x0000000087100000, 0x0000000087200000, 0x0000000087200000|100%| O|  |TAMS 0x0000000087100000| PB 0x0000000087100000| Untracked |  0
| 114|0x0000000087200000, 0x0000000087300000, 0x0000000087300000|100%| O|  |TAMS 0x0000000087200000| PB 0x0000000087200000| Untracked |  0
| 115|0x0000000087300000, 0x0000000087300000, 0x0000000087400000|  0%| F|  |TAMS 0x0000000087300000| PB 0x0000000087300000| Untracked |  0
| 116|0x0000000087400000, 0x0000000087400000, 0x0000000087500000|  0%| F|  |TAMS 0x0000000087400000| PB 0x0000000087400000| Untracked |  0
| 117|0x0000000087500000, 0x0000000087600000, 0x0000000087600000|100%| O|  |TAMS 0x0000000087500000| PB 0x0000000087500000| Untracked |  0
| 118|0x0000000087600000, 0x0000000087700000, 0x0000000087700000|100%| O|  |TAMS 0x0000000087600000| PB 0x0000000087600000| Untracked |  0
| 119|0x0000000087700000, 0x0000000087800000, 0x0000000087800000|100%| O|  |TAMS 0x0000000087700000| PB 0x0000000087700000| Untracked |  0
| 120|0x0000000087800000, 0x0000000087900000, 0x0000000087900000|100%| O|  |TAMS 0x0000000087800000| PB 0x0000000087800000| Untracked |  0
| 121|0x0000000087900000, 0x0000000087a00000, 0x0000000087a00000|100%| O|  |TAMS 0x0000000087900000| PB 0x0000000087900000| Untracked |  0
| 122|0x0000000087a00000, 0x0000000087b00000, 0x0000000087b00000|100%| O|  |TAMS 0x0000000087a00000| PB 0x0000000087a00000| Untracked |  0
| 123|0x0000000087b00000, 0x0000000087c00000, 0x0000000087c00000|100%| O|  |TAMS 0x0000000087b00000| PB 0x0000000087b00000| Untracked |  0
| 124|0x0000000087c00000, 0x0000000087d00000, 0x0000000087d00000|100%| O|  |TAMS 0x0000000087c00000| PB 0x0000000087c00000| Untracked |  0
| 125|0x0000000087d00000, 0x0000000087e00000, 0x0000000087e00000|100%| O|  |TAMS 0x0000000087d00000| PB 0x0000000087d00000| Untracked |  0
| 126|0x0000000087e00000, 0x0000000087f00000, 0x0000000087f00000|100%| O|  |TAMS 0x0000000087e00000| PB 0x0000000087e00000| Untracked |  0
| 127|0x0000000087f00000, 0x0000000087f00000, 0x0000000088000000|  0%| F|  |TAMS 0x0000000087f00000| PB 0x0000000087f00000| Untracked |  0
| 128|0x0000000088000000, 0x0000000088100000, 0x0000000088100000|100%| O|  |TAMS 0x0000000088000000| PB 0x0000000088000000| Untracked |  0
| 129|0x0000000088100000, 0x0000000088100000, 0x0000000088200000|  0%| F|  |TAMS 0x0000000088100000| PB 0x0000000088100000| Untracked |  0
| 130|0x0000000088200000, 0x0000000088200000, 0x0000000088300000|  0%| F|  |TAMS 0x0000000088200000| PB 0x0000000088200000| Untracked |  0
| 131|0x0000000088300000, 0x0000000088300000, 0x0000000088400000|  0%| F|  |TAMS 0x0000000088300000| PB 0x0000000088300000| Untracked |  0
| 132|0x0000000088400000, 0x0000000088400000, 0x0000000088500000|  0%| F|  |TAMS 0x0000000088400000| PB 0x0000000088400000| Untracked |  0
| 133|0x0000000088500000, 0x0000000088600000, 0x0000000088600000|100%| O|  |TAMS 0x0000000088500000| PB 0x0000000088500000| Untracked |  0
| 134|0x0000000088600000, 0x0000000088700000, 0x0000000088700000|100%| O|  |TAMS 0x0000000088600000| PB 0x0000000088600000| Untracked |  0
| 135|0x0000000088700000, 0x0000000088700000, 0x0000000088800000|  0%| F|  |TAMS 0x0000000088700000| PB 0x0000000088700000| Untracked |  0
| 136|0x0000000088800000, 0x0000000088900000, 0x0000000088900000|100%| O|  |TAMS 0x0000000088800000| PB 0x0000000088800000| Untracked |  0
| 137|0x0000000088900000, 0x0000000088a00000, 0x0000000088a00000|100%| O|  |TAMS 0x0000000088900000| PB 0x0000000088900000| Untracked |  0
| 138|0x0000000088a00000, 0x0000000088b00000, 0x0000000088b00000|100%| O|  |TAMS 0x0000000088a00000| PB 0x0000000088a00000| Untracked |  0
| 139|0x0000000088b00000, 0x0000000088c00000, 0x0000000088c00000|100%| O|  |TAMS 0x0000000088b00000| PB 0x0000000088b00000| Untracked |  0
| 140|0x0000000088c00000, 0x0000000088d00000, 0x0000000088d00000|100%| O|  |TAMS 0x0000000088c00000| PB 0x0000000088c00000| Untracked |  0
| 141|0x0000000088d00000, 0x0000000088e00000, 0x0000000088e00000|100%| O|  |TAMS 0x0000000088d00000| PB 0x0000000088d00000| Untracked |  0
| 142|0x0000000088e00000, 0x0000000088f00000, 0x0000000088f00000|100%| O|  |TAMS 0x0000000088e00000| PB 0x0000000088e00000| Untracked |  0
| 143|0x0000000088f00000, 0x0000000089000000, 0x0000000089000000|100%| O|  |TAMS 0x0000000088f00000| PB 0x0000000088f00000| Untracked |  0
| 144|0x0000000089000000, 0x0000000089100000, 0x0000000089100000|100%| O|  |TAMS 0x0000000089000000| PB 0x0000000089000000| Untracked |  0
| 145|0x0000000089100000, 0x0000000089200000, 0x0000000089200000|100%| O|  |TAMS 0x0000000089100000| PB 0x0000000089100000| Untracked |  0
| 146|0x0000000089200000, 0x0000000089200000, 0x0000000089300000|  0%| F|  |TAMS 0x0000000089200000| PB 0x0000000089200000| Untracked |  0
| 147|0x0000000089300000, 0x0000000089400000, 0x0000000089400000|100%| O|  |TAMS 0x0000000089300000| PB 0x0000000089300000| Untracked |  0
| 148|0x0000000089400000, 0x0000000089400000, 0x0000000089500000|  0%| F|  |TAMS 0x0000000089400000| PB 0x0000000089400000| Untracked |  0
| 149|0x0000000089500000, 0x0000000089600000, 0x0000000089600000|100%| O|  |TAMS 0x0000000089500000| PB 0x0000000089500000| Untracked |  0
| 150|0x0000000089600000, 0x0000000089700000, 0x0000000089700000|100%| O|  |TAMS 0x0000000089600000| PB 0x0000000089600000| Untracked |  0
| 151|0x0000000089700000, 0x0000000089800000, 0x0000000089800000|100%| O|  |TAMS 0x0000000089700000| PB 0x0000000089700000| Untracked |  0
| 152|0x0000000089800000, 0x0000000089900000, 0x0000000089900000|100%| O|  |TAMS 0x0000000089800000| PB 0x0000000089800000| Untracked |  0
| 153|0x0000000089900000, 0x0000000089a00000, 0x0000000089a00000|100%| O|  |TAMS 0x0000000089900000| PB 0x0000000089900000| Untracked |  0
| 154|0x0000000089a00000, 0x0000000089b00000, 0x0000000089b00000|100%| O|  |TAMS 0x0000000089a00000| PB 0x0000000089a00000| Untracked |  0
| 155|0x0000000089b00000, 0x0000000089b00000, 0x0000000089c00000|  0%| F|  |TAMS 0x0000000089b00000| PB 0x0000000089b00000| Untracked |  0
| 156|0x0000000089c00000, 0x0000000089c00000, 0x0000000089d00000|  0%| F|  |TAMS 0x0000000089c00000| PB 0x0000000089c00000| Untracked |  0
| 157|0x0000000089d00000, 0x0000000089e00000, 0x0000000089e00000|100%| O|  |TAMS 0x0000000089d00000| PB 0x0000000089d00000| Untracked |  0
| 158|0x0000000089e00000, 0x0000000089e00000, 0x0000000089f00000|  0%| F|  |TAMS 0x0000000089e00000| PB 0x0000000089e00000| Untracked |  0
| 159|0x0000000089f00000, 0x0000000089f00000, 0x000000008a000000|  0%| F|  |TAMS 0x0000000089f00000| PB 0x0000000089f00000| Untracked |  0
| 160|0x000000008a000000, 0x000000008a000000, 0x000000008a100000|  0%| F|  |TAMS 0x000000008a000000| PB 0x000000008a000000| Untracked |  0
| 161|0x000000008a100000, 0x000000008a200000, 0x000000008a200000|100%| O|  |TAMS 0x000000008a100000| PB 0x000000008a100000| Untracked |  0
| 162|0x000000008a200000, 0x000000008a200000, 0x000000008a300000|  0%| F|  |TAMS 0x000000008a200000| PB 0x000000008a200000| Untracked |  0
| 163|0x000000008a300000, 0x000000008a300000, 0x000000008a400000|  0%| F|  |TAMS 0x000000008a300000| PB 0x000000008a300000| Untracked |  0
| 164|0x000000008a400000, 0x000000008a400000, 0x000000008a500000|  0%| F|  |TAMS 0x000000008a400000| PB 0x000000008a400000| Untracked |  0
| 165|0x000000008a500000, 0x000000008a500000, 0x000000008a600000|  0%| F|  |TAMS 0x000000008a500000| PB 0x000000008a500000| Untracked |  0
| 166|0x000000008a600000, 0x000000008a700000, 0x000000008a700000|100%| O|  |TAMS 0x000000008a600000| PB 0x000000008a600000| Untracked |  0
| 167|0x000000008a700000, 0x000000008a800000, 0x000000008a800000|100%| O|  |TAMS 0x000000008a700000| PB 0x000000008a700000| Untracked |  0
| 168|0x000000008a800000, 0x000000008a800000, 0x000000008a900000|  0%| F|  |TAMS 0x000000008a800000| PB 0x000000008a800000| Untracked |  0
| 169|0x000000008a900000, 0x000000008aa00000, 0x000000008aa00000|100%| O|  |TAMS 0x000000008a900000| PB 0x000000008a900000| Untracked |  0
| 170|0x000000008aa00000, 0x000000008ab00000, 0x000000008ab00000|100%| O|  |TAMS 0x000000008aa00000| PB 0x000000008aa00000| Untracked |  0
| 171|0x000000008ab00000, 0x000000008ac00000, 0x000000008ac00000|100%| O|  |TAMS 0x000000008ab00000| PB 0x000000008ab00000| Untracked |  0
| 172|0x000000008ac00000, 0x000000008ad00000, 0x000000008ad00000|100%| O|  |TAMS 0x000000008ac00000| PB 0x000000008ac00000| Untracked |  0
| 173|0x000000008ad00000, 0x000000008ae00000, 0x000000008ae00000|100%| O|  |TAMS 0x000000008ad00000| PB 0x000000008ad00000| Untracked |  0
| 174|0x000000008ae00000, 0x000000008af00000, 0x000000008af00000|100%| O|  |TAMS 0x000000008ae00000| PB 0x000000008ae00000| Untracked |  0
| 175|0x000000008af00000, 0x000000008af00000, 0x000000008b000000|  0%| F|  |TAMS 0x000000008af00000| PB 0x000000008af00000| Untracked |  0
| 176|0x000000008b000000, 0x000000008b000000, 0x000000008b100000|  0%| F|  |TAMS 0x000000008b000000| PB 0x000000008b000000| Untracked |  0
| 177|0x000000008b100000, 0x000000008b100000, 0x000000008b200000|  0%| F|  |TAMS 0x000000008b100000| PB 0x000000008b100000| Untracked |  0
| 178|0x000000008b200000, 0x000000008b200000, 0x000000008b300000|  0%| F|  |TAMS 0x000000008b200000| PB 0x000000008b200000| Untracked |  0
| 179|0x000000008b300000, 0x000000008b300000, 0x000000008b400000|  0%| F|  |TAMS 0x000000008b300000| PB 0x000000008b300000| Untracked |  0
| 180|0x000000008b400000, 0x000000008b500000, 0x000000008b500000|100%| O|  |TAMS 0x000000008b400000| PB 0x000000008b400000| Untracked |  0
| 181|0x000000008b500000, 0x000000008b500000, 0x000000008b600000|  0%| F|  |TAMS 0x000000008b500000| PB 0x000000008b500000| Untracked |  0
| 182|0x000000008b600000, 0x000000008b600000, 0x000000008b700000|  0%| F|  |TAMS 0x000000008b600000| PB 0x000000008b600000| Untracked |  0
| 183|0x000000008b700000, 0x000000008b700000, 0x000000008b800000|  0%| F|  |TAMS 0x000000008b700000| PB 0x000000008b700000| Untracked |  0
| 184|0x000000008b800000, 0x000000008b800000, 0x000000008b900000|  0%| F|  |TAMS 0x000000008b800000| PB 0x000000008b800000| Untracked |  0
| 185|0x000000008b900000, 0x000000008b900000, 0x000000008ba00000|  0%| F|  |TAMS 0x000000008b900000| PB 0x000000008b900000| Untracked |  0
| 186|0x000000008ba00000, 0x000000008ba00000, 0x000000008bb00000|  0%| F|  |TAMS 0x000000008ba00000| PB 0x000000008ba00000| Untracked |  0
| 187|0x000000008bb00000, 0x000000008bb00000, 0x000000008bc00000|  0%| F|  |TAMS 0x000000008bb00000| PB 0x000000008bb00000| Untracked |  0
| 188|0x000000008bc00000, 0x000000008bc00000, 0x000000008bd00000|  0%| F|  |TAMS 0x000000008bc00000| PB 0x000000008bc00000| Untracked |  0
| 189|0x000000008bd00000, 0x000000008bd00000, 0x000000008be00000|  0%| F|  |TAMS 0x000000008bd00000| PB 0x000000008bd00000| Untracked |  0
| 190|0x000000008be00000, 0x000000008bf00000, 0x000000008bf00000|100%|HS|  |TAMS 0x000000008be00000| PB 0x000000008be00000| Complete |  0
| 191|0x000000008bf00000, 0x000000008c000000, 0x000000008c000000|100%|HC|  |TAMS 0x000000008bf00000| PB 0x000000008bf00000| Complete |  0
| 192|0x000000008c000000, 0x000000008c100000, 0x000000008c100000|100%|HC|  |TAMS 0x000000008c000000| PB 0x000000008c000000| Complete |  0
| 193|0x000000008c100000, 0x000000008c100000, 0x000000008c200000|  0%| F|  |TAMS 0x000000008c100000| PB 0x000000008c100000| Untracked |  0
| 194|0x000000008c200000, 0x000000008c300000, 0x000000008c300000|100%| O|  |TAMS 0x000000008c200000| PB 0x000000008c200000| Untracked |  0
| 195|0x000000008c300000, 0x000000008c400000, 0x000000008c400000|100%| O|  |TAMS 0x000000008c300000| PB 0x000000008c300000| Untracked |  0
| 196|0x000000008c400000, 0x000000008c500000, 0x000000008c500000|100%| O|  |TAMS 0x000000008c400000| PB 0x000000008c400000| Untracked |  0
| 197|0x000000008c500000, 0x000000008c600000, 0x000000008c600000|100%| O|  |TAMS 0x000000008c500000| PB 0x000000008c500000| Untracked |  0
| 198|0x000000008c600000, 0x000000008c700000, 0x000000008c700000|100%| O|  |TAMS 0x000000008c600000| PB 0x000000008c600000| Untracked |  0
| 199|0x000000008c700000, 0x000000008c800000, 0x000000008c800000|100%| O|  |TAMS 0x000000008c700000| PB 0x000000008c700000| Untracked |  0
| 200|0x000000008c800000, 0x000000008c900000, 0x000000008c900000|100%| O|  |TAMS 0x000000008c800000| PB 0x000000008c800000| Untracked |  0
| 201|0x000000008c900000, 0x000000008ca00000, 0x000000008ca00000|100%| O|  |TAMS 0x000000008c900000| PB 0x000000008c900000| Untracked |  0
| 202|0x000000008ca00000, 0x000000008cb00000, 0x000000008cb00000|100%| S|CS|TAMS 0x000000008ca00000| PB 0x000000008ca00000| Complete |  0
| 203|0x000000008cb00000, 0x000000008cc00000, 0x000000008cc00000|100%| S|CS|TAMS 0x000000008cb00000| PB 0x000000008cb00000| Complete |  0
| 204|0x000000008cc00000, 0x000000008cd00000, 0x000000008cd00000|100%| S|CS|TAMS 0x000000008cc00000| PB 0x000000008cc00000| Complete |  0
| 205|0x000000008cd00000, 0x000000008cd00000, 0x000000008ce00000|  0%| F|  |TAMS 0x000000008cd00000| PB 0x000000008cd00000| Untracked |  0
| 206|0x000000008ce00000, 0x000000008ce00000, 0x000000008cf00000|  0%| F|  |TAMS 0x000000008ce00000| PB 0x000000008ce00000| Untracked |  0
| 207|0x000000008cf00000, 0x000000008cf00000, 0x000000008d000000|  0%| F|  |TAMS 0x000000008cf00000| PB 0x000000008cf00000| Untracked |  0
| 208|0x000000008d000000, 0x000000008d000000, 0x000000008d100000|  0%| F|  |TAMS 0x000000008d000000| PB 0x000000008d000000| Untracked |  0
| 209|0x000000008d100000, 0x000000008d100000, 0x000000008d200000|  0%| F|  |TAMS 0x000000008d100000| PB 0x000000008d100000| Untracked |  0
| 210|0x000000008d200000, 0x000000008d200000, 0x000000008d300000|  0%| F|  |TAMS 0x000000008d200000| PB 0x000000008d200000| Untracked |  0
| 211|0x000000008d300000, 0x000000008d300000, 0x000000008d400000|  0%| F|  |TAMS 0x000000008d300000| PB 0x000000008d300000| Untracked |  0
| 212|0x000000008d400000, 0x000000008d400000, 0x000000008d500000|  0%| F|  |TAMS 0x000000008d400000| PB 0x000000008d400000| Untracked |  0
| 213|0x000000008d500000, 0x000000008d500000, 0x000000008d600000|  0%| F|  |TAMS 0x000000008d500000| PB 0x000000008d500000| Untracked |  0
| 214|0x000000008d600000, 0x000000008d600000, 0x000000008d700000|  0%| F|  |TAMS 0x000000008d600000| PB 0x000000008d600000| Untracked |  0
| 215|0x000000008d700000, 0x000000008d700000, 0x000000008d800000|  0%| F|  |TAMS 0x000000008d700000| PB 0x000000008d700000| Untracked |  0
| 216|0x000000008d800000, 0x000000008d800000, 0x000000008d900000|  0%| F|  |TAMS 0x000000008d800000| PB 0x000000008d800000| Untracked |  0
| 217|0x000000008d900000, 0x000000008d900000, 0x000000008da00000|  0%| F|  |TAMS 0x000000008d900000| PB 0x000000008d900000| Untracked |  0
| 218|0x000000008da00000, 0x000000008da00000, 0x000000008db00000|  0%| F|  |TAMS 0x000000008da00000| PB 0x000000008da00000| Untracked |  0
| 219|0x000000008db00000, 0x000000008db00000, 0x000000008dc00000|  0%| F|  |TAMS 0x000000008db00000| PB 0x000000008db00000| Untracked |  0
| 220|0x000000008dc00000, 0x000000008dc00000, 0x000000008dd00000|  0%| F|  |TAMS 0x000000008dc00000| PB 0x000000008dc00000| Untracked |  0
| 221|0x000000008dd00000, 0x000000008dd00000, 0x000000008de00000|  0%| F|  |TAMS 0x000000008dd00000| PB 0x000000008dd00000| Untracked |  0
| 222|0x000000008de00000, 0x000000008de00000, 0x000000008df00000|  0%| F|  |TAMS 0x000000008de00000| PB 0x000000008de00000| Untracked |  0
| 223|0x000000008df00000, 0x000000008df00000, 0x000000008e000000|  0%| F|  |TAMS 0x000000008df00000| PB 0x000000008df00000| Untracked |  0
| 224|0x000000008e000000, 0x000000008e000000, 0x000000008e100000|  0%| F|  |TAMS 0x000000008e000000| PB 0x000000008e000000| Untracked |  0
| 225|0x000000008e100000, 0x000000008e100000, 0x000000008e200000|  0%| F|  |TAMS 0x000000008e100000| PB 0x000000008e100000| Untracked |  0
| 226|0x000000008e200000, 0x000000008e200000, 0x000000008e300000|  0%| F|  |TAMS 0x000000008e200000| PB 0x000000008e200000| Untracked |  0
| 227|0x000000008e300000, 0x000000008e300000, 0x000000008e400000|  0%| F|  |TAMS 0x000000008e300000| PB 0x000000008e300000| Untracked |  0
| 228|0x000000008e400000, 0x000000008e400000, 0x000000008e500000|  0%| F|  |TAMS 0x000000008e400000| PB 0x000000008e400000| Untracked |  0
| 229|0x000000008e500000, 0x000000008e500000, 0x000000008e600000|  0%| F|  |TAMS 0x000000008e500000| PB 0x000000008e500000| Untracked |  0
| 230|0x000000008e600000, 0x000000008e600000, 0x000000008e700000|  0%| F|  |TAMS 0x000000008e600000| PB 0x000000008e600000| Untracked |  0
| 231|0x000000008e700000, 0x000000008e700000, 0x000000008e800000|  0%| F|  |TAMS 0x000000008e700000| PB 0x000000008e700000| Untracked |  0
| 232|0x000000008e800000, 0x000000008e800000, 0x000000008e900000|  0%| F|  |TAMS 0x000000008e800000| PB 0x000000008e800000| Untracked |  0
| 233|0x000000008e900000, 0x000000008e900000, 0x000000008ea00000|  0%| F|  |TAMS 0x000000008e900000| PB 0x000000008e900000| Untracked |  0
| 234|0x000000008ea00000, 0x000000008ea00000, 0x000000008eb00000|  0%| F|  |TAMS 0x000000008ea00000| PB 0x000000008ea00000| Untracked |  0
| 235|0x000000008eb00000, 0x000000008eb00000, 0x000000008ec00000|  0%| F|  |TAMS 0x000000008eb00000| PB 0x000000008eb00000| Untracked |  0
| 236|0x000000008ec00000, 0x000000008ec00000, 0x000000008ed00000|  0%| F|  |TAMS 0x000000008ec00000| PB 0x000000008ec00000| Untracked |  0
| 237|0x000000008ed00000, 0x000000008ed00000, 0x000000008ee00000|  0%| F|  |TAMS 0x000000008ed00000| PB 0x000000008ed00000| Untracked |  0
| 238|0x000000008ee00000, 0x000000008ee00000, 0x000000008ef00000|  0%| F|  |TAMS 0x000000008ee00000| PB 0x000000008ee00000| Untracked |  0
| 239|0x000000008ef00000, 0x000000008ef00000, 0x000000008f000000|  0%| F|  |TAMS 0x000000008ef00000| PB 0x000000008ef00000| Untracked |  0
| 240|0x000000008f000000, 0x000000008f000000, 0x000000008f100000|  0%| F|  |TAMS 0x000000008f000000| PB 0x000000008f000000| Untracked |  0
| 241|0x000000008f100000, 0x000000008f100000, 0x000000008f200000|  0%| F|  |TAMS 0x000000008f100000| PB 0x000000008f100000| Untracked |  0
| 242|0x000000008f200000, 0x000000008f200000, 0x000000008f300000|  0%| F|  |TAMS 0x000000008f200000| PB 0x000000008f200000| Untracked |  0
| 243|0x000000008f300000, 0x000000008f300000, 0x000000008f400000|  0%| F|  |TAMS 0x000000008f300000| PB 0x000000008f300000| Untracked |  0
| 244|0x000000008f400000, 0x000000008f400000, 0x000000008f500000|  0%| F|  |TAMS 0x000000008f400000| PB 0x000000008f400000| Untracked |  0
| 245|0x000000008f500000, 0x000000008f500000, 0x000000008f600000|  0%| F|  |TAMS 0x000000008f500000| PB 0x000000008f500000| Untracked |  0
| 246|0x000000008f600000, 0x000000008f600000, 0x000000008f700000|  0%| F|  |TAMS 0x000000008f600000| PB 0x000000008f600000| Untracked |  0
| 247|0x000000008f700000, 0x000000008f700000, 0x000000008f800000|  0%| F|  |TAMS 0x000000008f700000| PB 0x000000008f700000| Untracked |  0
| 248|0x000000008f800000, 0x000000008f800000, 0x000000008f900000|  0%| F|  |TAMS 0x000000008f800000| PB 0x000000008f800000| Untracked |  0
| 249|0x000000008f900000, 0x000000008f900000, 0x000000008fa00000|  0%| F|  |TAMS 0x000000008f900000| PB 0x000000008f900000| Untracked |  0
| 250|0x000000008fa00000, 0x000000008fa00000, 0x000000008fb00000|  0%| F|  |TAMS 0x000000008fa00000| PB 0x000000008fa00000| Untracked |  0
| 251|0x000000008fb00000, 0x000000008fb00000, 0x000000008fc00000|  0%| F|  |TAMS 0x000000008fb00000| PB 0x000000008fb00000| Untracked |  0
| 252|0x000000008fc00000, 0x000000008fc00000, 0x000000008fd00000|  0%| F|  |TAMS 0x000000008fc00000| PB 0x000000008fc00000| Untracked |  0
| 253|0x000000008fd00000, 0x000000008fd00000, 0x000000008fe00000|  0%| F|  |TAMS 0x000000008fd00000| PB 0x000000008fd00000| Untracked |  0
| 254|0x000000008fe00000, 0x000000008fe00000, 0x000000008ff00000|  0%| F|  |TAMS 0x000000008fe00000| PB 0x000000008fe00000| Untracked |  0
| 255|0x000000008ff00000, 0x000000008ff00000, 0x0000000090000000|  0%| F|  |TAMS 0x000000008ff00000| PB 0x000000008ff00000| Untracked |  0
| 256|0x0000000090000000, 0x0000000090000000, 0x0000000090100000|  0%| F|  |TAMS 0x0000000090000000| PB 0x0000000090000000| Untracked |  0
| 257|0x0000000090100000, 0x0000000090100000, 0x0000000090200000|  0%| F|  |TAMS 0x0000000090100000| PB 0x0000000090100000| Untracked |  0
| 258|0x0000000090200000, 0x0000000090200000, 0x0000000090300000|  0%| F|  |TAMS 0x0000000090200000| PB 0x0000000090200000| Untracked |  0
| 259|0x0000000090300000, 0x0000000090300000, 0x0000000090400000|  0%| F|  |TAMS 0x0000000090300000| PB 0x0000000090300000| Untracked |  0
| 260|0x0000000090400000, 0x0000000090400000, 0x0000000090500000|  0%| F|  |TAMS 0x0000000090400000| PB 0x0000000090400000| Untracked |  0
| 261|0x0000000090500000, 0x0000000090500000, 0x0000000090600000|  0%| F|  |TAMS 0x0000000090500000| PB 0x0000000090500000| Untracked |  0
| 262|0x0000000090600000, 0x0000000090600000, 0x0000000090700000|  0%| F|  |TAMS 0x0000000090600000| PB 0x0000000090600000| Untracked |  0
| 263|0x0000000090700000, 0x0000000090700000, 0x0000000090800000|  0%| F|  |TAMS 0x0000000090700000| PB 0x0000000090700000| Untracked |  0
| 264|0x0000000090800000, 0x0000000090800000, 0x0000000090900000|  0%| F|  |TAMS 0x0000000090800000| PB 0x0000000090800000| Untracked |  0
| 265|0x0000000090900000, 0x0000000090900000, 0x0000000090a00000|  0%| F|  |TAMS 0x0000000090900000| PB 0x0000000090900000| Untracked |  0
| 266|0x0000000090a00000, 0x0000000090a00000, 0x0000000090b00000|  0%| F|  |TAMS 0x0000000090a00000| PB 0x0000000090a00000| Untracked |  0
| 267|0x0000000090b00000, 0x0000000090b00000, 0x0000000090c00000|  0%| F|  |TAMS 0x0000000090b00000| PB 0x0000000090b00000| Untracked |  0
| 268|0x0000000090c00000, 0x0000000090c00000, 0x0000000090d00000|  0%| F|  |TAMS 0x0000000090c00000| PB 0x0000000090c00000| Untracked |  0
| 269|0x0000000090d00000, 0x0000000090d00000, 0x0000000090e00000|  0%| F|  |TAMS 0x0000000090d00000| PB 0x0000000090d00000| Untracked |  0
| 270|0x0000000090e00000, 0x0000000090e00000, 0x0000000090f00000|  0%| F|  |TAMS 0x0000000090e00000| PB 0x0000000090e00000| Untracked |  0
| 271|0x0000000090f00000, 0x0000000090f00000, 0x0000000091000000|  0%| F|  |TAMS 0x0000000090f00000| PB 0x0000000090f00000| Untracked |  0
| 272|0x0000000091000000, 0x0000000091000000, 0x0000000091100000|  0%| F|  |TAMS 0x0000000091000000| PB 0x0000000091000000| Untracked |  0
| 273|0x0000000091100000, 0x0000000091100000, 0x0000000091200000|  0%| F|  |TAMS 0x0000000091100000| PB 0x0000000091100000| Untracked |  0
| 274|0x0000000091200000, 0x0000000091200000, 0x0000000091300000|  0%| F|  |TAMS 0x0000000091200000| PB 0x0000000091200000| Untracked |  0
| 275|0x0000000091300000, 0x0000000091300000, 0x0000000091400000|  0%| F|  |TAMS 0x0000000091300000| PB 0x0000000091300000| Untracked |  0
| 276|0x0000000091400000, 0x0000000091400000, 0x0000000091500000|  0%| F|  |TAMS 0x0000000091400000| PB 0x0000000091400000| Untracked |  0
| 277|0x0000000091500000, 0x0000000091500000, 0x0000000091600000|  0%| F|  |TAMS 0x0000000091500000| PB 0x0000000091500000| Untracked |  0
| 278|0x0000000091600000, 0x0000000091600000, 0x0000000091700000|  0%| F|  |TAMS 0x0000000091600000| PB 0x0000000091600000| Untracked |  0
| 279|0x0000000091700000, 0x0000000091700000, 0x0000000091800000|  0%| F|  |TAMS 0x0000000091700000| PB 0x0000000091700000| Untracked |  0
| 280|0x0000000091800000, 0x0000000091800000, 0x0000000091900000|  0%| F|  |TAMS 0x0000000091800000| PB 0x0000000091800000| Untracked |  0
| 281|0x0000000091900000, 0x0000000091900000, 0x0000000091a00000|  0%| F|  |TAMS 0x0000000091900000| PB 0x0000000091900000| Untracked |  0
| 282|0x0000000091a00000, 0x0000000091a00000, 0x0000000091b00000|  0%| F|  |TAMS 0x0000000091a00000| PB 0x0000000091a00000| Untracked |  0
| 283|0x0000000091b00000, 0x0000000091b00000, 0x0000000091c00000|  0%| F|  |TAMS 0x0000000091b00000| PB 0x0000000091b00000| Untracked |  0
| 284|0x0000000091c00000, 0x0000000091c00000, 0x0000000091d00000|  0%| F|  |TAMS 0x0000000091c00000| PB 0x0000000091c00000| Untracked |  0
| 285|0x0000000091d00000, 0x0000000091d00000, 0x0000000091e00000|  0%| F|  |TAMS 0x0000000091d00000| PB 0x0000000091d00000| Untracked |  0
| 286|0x0000000091e00000, 0x0000000091e00000, 0x0000000091f00000|  0%| F|  |TAMS 0x0000000091e00000| PB 0x0000000091e00000| Untracked |  0
| 287|0x0000000091f00000, 0x0000000091f00000, 0x0000000092000000|  0%| F|  |TAMS 0x0000000091f00000| PB 0x0000000091f00000| Untracked |  0
| 288|0x0000000092000000, 0x0000000092000000, 0x0000000092100000|  0%| F|  |TAMS 0x0000000092000000| PB 0x0000000092000000| Untracked |  0
| 289|0x0000000092100000, 0x0000000092100000, 0x0000000092200000|  0%| F|  |TAMS 0x0000000092100000| PB 0x0000000092100000| Untracked |  0
| 290|0x0000000092200000, 0x0000000092200000, 0x0000000092300000|  0%| F|  |TAMS 0x0000000092200000| PB 0x0000000092200000| Untracked |  0
| 291|0x0000000092300000, 0x0000000092300000, 0x0000000092400000|  0%| F|  |TAMS 0x0000000092300000| PB 0x0000000092300000| Untracked |  0
| 292|0x0000000092400000, 0x0000000092400000, 0x0000000092500000|  0%| F|  |TAMS 0x0000000092400000| PB 0x0000000092400000| Untracked |  0
| 293|0x0000000092500000, 0x0000000092548918, 0x0000000092600000| 28%| E|  |TAMS 0x0000000092500000| PB 0x0000000092500000| Complete |  0
| 294|0x0000000092600000, 0x0000000092700000, 0x0000000092700000|100%| E|  |TAMS 0x0000000092600000| PB 0x0000000092600000| Complete |  0
| 295|0x0000000092700000, 0x0000000092800000, 0x0000000092800000|100%| E|CS|TAMS 0x0000000092700000| PB 0x0000000092700000| Complete |  0
| 296|0x0000000092800000, 0x0000000092900000, 0x0000000092900000|100%| E|CS|TAMS 0x0000000092800000| PB 0x0000000092800000| Complete |  0
| 297|0x0000000092900000, 0x0000000092a00000, 0x0000000092a00000|100%| E|CS|TAMS 0x0000000092900000| PB 0x0000000092900000| Complete |  1
| 298|0x0000000092a00000, 0x0000000092b00000, 0x0000000092b00000|100%| E|CS|TAMS 0x0000000092a00000| PB 0x0000000092a00000| Complete |  0
| 299|0x0000000092b00000, 0x0000000092c00000, 0x0000000092c00000|100%| E|CS|TAMS 0x0000000092b00000| PB 0x0000000092b00000| Complete |  0
| 300|0x0000000092c00000, 0x0000000092d00000, 0x0000000092d00000|100%| E|CS|TAMS 0x0000000092c00000| PB 0x0000000092c00000| Complete |  0
| 301|0x0000000092d00000, 0x0000000092e00000, 0x0000000092e00000|100%| E|CS|TAMS 0x0000000092d00000| PB 0x0000000092d00000| Complete |  0
| 302|0x0000000092e00000, 0x0000000092f00000, 0x0000000092f00000|100%| E|CS|TAMS 0x0000000092e00000| PB 0x0000000092e00000| Complete |  0
| 303|0x0000000092f00000, 0x0000000093000000, 0x0000000093000000|100%| E|CS|TAMS 0x0000000092f00000| PB 0x0000000092f00000| Complete |  0
| 304|0x0000000093000000, 0x0000000093100000, 0x0000000093100000|100%| E|CS|TAMS 0x0000000093000000| PB 0x0000000093000000| Complete |  0
| 305|0x0000000093100000, 0x0000000093200000, 0x0000000093200000|100%| E|CS|TAMS 0x0000000093100000| PB 0x0000000093100000| Complete |  0
| 306|0x0000000093200000, 0x0000000093300000, 0x0000000093300000|100%| E|CS|TAMS 0x0000000093200000| PB 0x0000000093200000| Complete |  0
| 307|0x0000000093300000, 0x0000000093400000, 0x0000000093400000|100%| E|CS|TAMS 0x0000000093300000| PB 0x0000000093300000| Complete |  0
| 308|0x0000000093400000, 0x0000000093500000, 0x0000000093500000|100%| E|CS|TAMS 0x0000000093400000| PB 0x0000000093400000| Complete |  0
| 309|0x0000000093500000, 0x0000000093600000, 0x0000000093600000|100%| E|CS|TAMS 0x0000000093500000| PB 0x0000000093500000| Complete |  0
| 310|0x0000000093600000, 0x0000000093700000, 0x0000000093700000|100%| E|CS|TAMS 0x0000000093600000| PB 0x0000000093600000| Complete |  0
| 311|0x0000000093700000, 0x0000000093800000, 0x0000000093800000|100%| E|CS|TAMS 0x0000000093700000| PB 0x0000000093700000| Complete |  0
| 312|0x0000000093800000, 0x0000000093900000, 0x0000000093900000|100%| E|CS|TAMS 0x0000000093800000| PB 0x0000000093800000| Complete |  0
| 313|0x0000000093900000, 0x0000000093a00000, 0x0000000093a00000|100%| E|CS|TAMS 0x0000000093900000| PB 0x0000000093900000| Complete |  0
| 314|0x0000000093a00000, 0x0000000093b00000, 0x0000000093b00000|100%| E|CS|TAMS 0x0000000093a00000| PB 0x0000000093a00000| Complete |  0
| 315|0x0000000093b00000, 0x0000000093c00000, 0x0000000093c00000|100%| E|CS|TAMS 0x0000000093b00000| PB 0x0000000093b00000| Complete |  0
| 316|0x0000000093c00000, 0x0000000093d00000, 0x0000000093d00000|100%| E|CS|TAMS 0x0000000093c00000| PB 0x0000000093c00000| Complete |  0
| 317|0x0000000093d00000, 0x0000000093e00000, 0x0000000093e00000|100%| E|CS|TAMS 0x0000000093d00000| PB 0x0000000093d00000| Complete |  0
| 318|0x0000000093e00000, 0x0000000093f00000, 0x0000000093f00000|100%| E|CS|TAMS 0x0000000093e00000| PB 0x0000000093e00000| Complete |  0
| 319|0x0000000093f00000, 0x0000000094000000, 0x0000000094000000|100%| E|CS|TAMS 0x0000000093f00000| PB 0x0000000093f00000| Complete |  0
| 320|0x0000000094000000, 0x0000000094100000, 0x0000000094100000|100%| E|CS|TAMS 0x0000000094000000| PB 0x0000000094000000| Complete |  0
| 321|0x0000000094100000, 0x0000000094200000, 0x0000000094200000|100%| E|CS|TAMS 0x0000000094100000| PB 0x0000000094100000| Complete |  1
| 322|0x0000000094200000, 0x0000000094300000, 0x0000000094300000|100%| E|CS|TAMS 0x0000000094200000| PB 0x0000000094200000| Complete |  0
| 323|0x0000000094300000, 0x0000000094400000, 0x0000000094400000|100%| E|CS|TAMS 0x0000000094300000| PB 0x0000000094300000| Complete |  0
| 324|0x0000000094400000, 0x0000000094500000, 0x0000000094500000|100%| E|CS|TAMS 0x0000000094400000| PB 0x0000000094400000| Complete |  0
| 325|0x0000000094500000, 0x0000000094600000, 0x0000000094600000|100%| S|CS|TAMS 0x0000000094500000| PB 0x0000000094500000| Complete |  0
| 326|0x0000000094600000, 0x0000000094700000, 0x0000000094700000|100%| S|CS|TAMS 0x0000000094600000| PB 0x0000000094600000| Complete |  0
| 327|0x0000000094700000, 0x0000000094800000, 0x0000000094800000|100%| S|CS|TAMS 0x0000000094700000| PB 0x0000000094700000| Complete |  0
| 328|0x0000000094800000, 0x0000000094900000, 0x0000000094900000|100%| S|CS|TAMS 0x0000000094800000| PB 0x0000000094800000| Complete |  0
| 329|0x0000000094900000, 0x0000000094a00000, 0x0000000094a00000|100%| S|CS|TAMS 0x0000000094900000| PB 0x0000000094900000| Complete |  0
| 330|0x0000000094a00000, 0x0000000094b00000, 0x0000000094b00000|100%| S|CS|TAMS 0x0000000094a00000| PB 0x0000000094a00000| Complete |  0
| 331|0x0000000094b00000, 0x0000000094c00000, 0x0000000094c00000|100%| S|CS|TAMS 0x0000000094b00000| PB 0x0000000094b00000| Complete |  0
| 332|0x0000000094c00000, 0x0000000094cdc8c0, 0x0000000094d00000| 86%| S|CS|TAMS 0x0000000094c00000| PB 0x0000000094c00000| Complete |  0
|2015|0x00000000fdf00000, 0x00000000fe000000, 0x00000000fe000000|100%| O|  |TAMS 0x00000000fdf00000| PB 0x00000000fdf00000| Untracked |  0
|2016|0x00000000fe000000, 0x00000000fe100000, 0x00000000fe100000|100%| O|  |TAMS 0x00000000fe000000| PB 0x00000000fe000000| Untracked |  0
|2017|0x00000000fe100000, 0x00000000fe200000, 0x00000000fe200000|100%| O|  |TAMS 0x00000000fe100000| PB 0x00000000fe100000| Untracked |  0
|2018|0x00000000fe200000, 0x00000000fe300000, 0x00000000fe300000|100%| O|  |TAMS 0x00000000fe200000| PB 0x00000000fe200000| Untracked |  0
|2019|0x00000000fe300000, 0x00000000fe400000, 0x00000000fe400000|100%| O|  |TAMS 0x00000000fe300000| PB 0x00000000fe300000| Untracked |  0
|2020|0x00000000fe400000, 0x00000000fe500000, 0x00000000fe500000|100%| O|  |TAMS 0x00000000fe400000| PB 0x00000000fe400000| Untracked |  0
|2021|0x00000000fe500000, 0x00000000fe600000, 0x00000000fe600000|100%| O|  |TAMS 0x00000000fe500000| PB 0x00000000fe500000| Untracked |  0
|2022|0x00000000fe600000, 0x00000000fe700000, 0x00000000fe700000|100%| O|  |TAMS 0x00000000fe600000| PB 0x00000000fe600000| Untracked |  0
|2023|0x00000000fe700000, 0x00000000fe800000, 0x00000000fe800000|100%| O|  |TAMS 0x00000000fe700000| PB 0x00000000fe700000| Untracked |  0
|2024|0x00000000fe800000, 0x00000000fe900000, 0x00000000fe900000|100%| O|  |TAMS 0x00000000fe800000| PB 0x00000000fe800000| Untracked |  0
|2025|0x00000000fe900000, 0x00000000fea00000, 0x00000000fea00000|100%| O|  |TAMS 0x00000000fe900000| PB 0x00000000fe900000| Untracked |  0
|2026|0x00000000fea00000, 0x00000000feb00000, 0x00000000feb00000|100%| O|  |TAMS 0x00000000fea00000| PB 0x00000000fea00000| Untracked |  0
|2027|0x00000000feb00000, 0x00000000fec00000, 0x00000000fec00000|100%| O|  |TAMS 0x00000000feb00000| PB 0x00000000feb00000| Untracked |  0
|2028|0x00000000fec00000, 0x00000000fed00000, 0x00000000fed00000|100%| E|CS|TAMS 0x00000000fec00000| PB 0x00000000fec00000| Complete |  0
|2029|0x00000000fed00000, 0x00000000fee00000, 0x00000000fee00000|100%| O|  |TAMS 0x00000000fed00000| PB 0x00000000fed00000| Untracked |  0
|2030|0x00000000fee00000, 0x00000000fef00000, 0x00000000fef00000|100%| E|CS|TAMS 0x00000000fee00000| PB 0x00000000fee00000| Complete |  0
|2031|0x00000000fef00000, 0x00000000ff000000, 0x00000000ff000000|100%| O|  |TAMS 0x00000000fef00000| PB 0x00000000fef00000| Untracked |  0
|2032|0x00000000ff000000, 0x00000000ff100000, 0x00000000ff100000|100%| O|  |TAMS 0x00000000ff000000| PB 0x00000000ff000000| Untracked |  0
|2033|0x00000000ff100000, 0x00000000ff200000, 0x00000000ff200000|100%| E|CS|TAMS 0x00000000ff100000| PB 0x00000000ff100000| Complete |  0
|2034|0x00000000ff200000, 0x00000000ff300000, 0x00000000ff300000|100%| O|  |TAMS 0x00000000ff200000| PB 0x00000000ff200000| Untracked |  0
|2035|0x00000000ff300000, 0x00000000ff400000, 0x00000000ff400000|100%| O|  |TAMS 0x00000000ff300000| PB 0x00000000ff300000| Untracked |  0
|2036|0x00000000ff400000, 0x00000000ff500000, 0x00000000ff500000|100%| O|  |TAMS 0x00000000ff400000| PB 0x00000000ff400000| Untracked |  0
|2037|0x00000000ff500000, 0x00000000ff600000, 0x00000000ff600000|100%| O|  |TAMS 0x00000000ff500000| PB 0x00000000ff500000| Untracked |  0
|2038|0x00000000ff600000, 0x00000000ff700000, 0x00000000ff700000|100%| E|CS|TAMS 0x00000000ff600000| PB 0x00000000ff600000| Complete |  0
|2039|0x00000000ff700000, 0x00000000ff800000, 0x00000000ff800000|100%| E|CS|TAMS 0x00000000ff700000| PB 0x00000000ff700000| Complete |  0
|2040|0x00000000ff800000, 0x00000000ff900000, 0x00000000ff900000|100%| O|  |TAMS 0x00000000ff800000| PB 0x00000000ff800000| Untracked |  0
|2041|0x00000000ff900000, 0x00000000ffa00000, 0x00000000ffa00000|100%| O|  |TAMS 0x00000000ff900000| PB 0x00000000ff900000| Untracked |  0
|2042|0x00000000ffa00000, 0x00000000ffb00000, 0x00000000ffb00000|100%| O|  |TAMS 0x00000000ffa00000| PB 0x00000000ffa00000| Untracked |  0
|2043|0x00000000ffb00000, 0x00000000ffc00000, 0x00000000ffc00000|100%| O|  |TAMS 0x00000000ffb00000| PB 0x00000000ffb00000| Untracked |  0
|2044|0x00000000ffc00000, 0x00000000ffd00000, 0x00000000ffd00000|100%| O|  |TAMS 0x00000000ffc00000| PB 0x00000000ffc00000| Untracked |  0
|2045|0x00000000ffd00000, 0x00000000ffe00000, 0x00000000ffe00000|100%| O|  |TAMS 0x00000000ffd00000| PB 0x00000000ffd00000| Untracked |  0
|2046|0x00000000ffe00000, 0x00000000fff00000, 0x00000000fff00000|100%| O|  |TAMS 0x00000000ffe00000| PB 0x00000000ffe00000| Untracked |  0
|2047|0x00000000fff00000, 0x0000000100000000, 0x0000000100000000|100%| O|  |TAMS 0x00000000fff00000| PB 0x00000000fff00000| Untracked |  0

Card table byte_map: [0x000001fdda1c0000,0x000001fdda5c0000] _byte_map_base: 0x000001fdd9dc0000

Marking Bits: (CMBitMap*) 0x000001fdc6f7d990
 Bits: [0x000001fdda5c0000, 0x000001fddc5c0000)

Polling page: 0x000001fdc4f40000

Metaspace:
Metaspace        used 170080K, committed 172672K, reserved 1245184K
 class space     used 23661K, committed 24896K, reserved 1048576K

Usage:
  Non-class:    142.99 MB used.
      Class:     23.11 MB used.
       Both:    166.09 MB used.

Virtual space:
  Non-class space:      192.00 MB reserved,     144.31 MB ( 75%) committed,  3 nodes.
      Class space:        1.00 GB reserved,      24.31 MB (  2%) committed,  1 nodes.
             Both:        1.19 GB reserved,     168.62 MB ( 14%) committed. 

Chunk freelists:
   Non-Class:  15.62 MB
       Class:  7.66 MB
        Both:  23.28 MB

MaxMetaspaceSize: unlimited
CompressedClassSpaceSize: 1.00 GB
Initial GC threshold: 21.00 MB
Current GC threshold: 263.75 MB
CDS: off
 - commit_granule_bytes: 65536.
 - commit_granule_words: 8192.
 - virtual_space_node_default_size: 8388608.
 - enlarge_chunks_in_place: 1.
UseCompressedClassPointers 1, UseCompactObjectHeaders 0
Narrow klass pointer bits 32, Max shift 3
Narrow klass base: 0x0000000000000000, Narrow klass shift: 0
Encoding Range: [0x0000000000000000 - 0x0000000100000000), (4294967296 bytes)
Klass Range:    [0x0000000033000000 - 0x0000000073000000), (1073741824 bytes)
Klass ID Range:  [855638016 - 1929379833) (1073741817)
No protection zone.


Internal statistics:

num_allocs_failed_limit: 6.
num_arena_births: 5084.
num_arena_deaths: 14.
num_vsnodes_births: 4.
num_vsnodes_deaths: 0.
num_space_committed: 2696.
num_space_uncommitted: 0.
num_chunks_returned_to_freelist: 23.
num_chunks_taken_from_freelist: 12062.
num_chunk_merges: 6.
num_chunk_splits: 8076.
num_chunks_enlarged: 5367.
num_inconsistent_stats: 0.

CodeHeap 'non-profiled nmethods': size=119232Kb used=11142Kb max_used=11142Kb free=108089Kb
 bounds [0x000001fdd1fa0000, 0x000001fdd2a90000, 0x000001fdd9410000]
CodeHeap 'profiled nmethods': size=119104Kb used=29230Kb max_used=29230Kb free=89873Kb
 bounds [0x000001fdca410000, 0x000001fdcc0a0000, 0x000001fdd1860000]
CodeHeap 'non-nmethods': size=7424Kb used=3425Kb max_used=4074Kb free=3998Kb
 bounds [0x000001fdd1860000, 0x000001fdd1c80000, 0x000001fdd1fa0000]
CodeCache: size=245760Kb, used=43797Kb, max_used=44446Kb, free=201960Kb
 total_blobs=20203, nmethods=19090, adapters=1010, full_count=0
Compilation: enabled, stopped_count=0, restarted_count=0

Compilation events (20 events):
Event: 1607.837 Thread 0x000001fddf7b7400 nmethod 25980 0x000001fdd2a7af08 code [0x000001fdd2a7b000, 0x000001fdd2a7b098]
Event: 1607.837 Thread 0x000001fddf7b7400 25978       4       org.gradle.internal.buildoption.StringInternalOption::getDefaultValue (5 bytes)
Event: 1607.837 Thread 0x000001fde7cd7640 25988       3       org.gradle.internal.vfs.impl.VersionHierarchy::<init> (21 bytes)
Event: 1607.837 Thread 0x000001fddf7b7400 nmethod 25978 0x000001fdd2a7b208 code [0x000001fdd2a7b300, 0x000001fdd2a7b380]
Event: 1607.837 Thread 0x000001fddf7b7400 25982       4       org.gradle.internal.fingerprint.impl.DefaultFileSystemLocationFingerprint::compareTo (9 bytes)
Event: 1607.837 Thread 0x000001fde7cd7640 nmethod 25988 0x000001fdcc087b88 code [0x000001fdcc087c80, 0x000001fdcc087e40]
Event: 1607.838 Thread 0x000001fdefeff620 nmethod 25981 0x000001fdd2a7b508 code [0x000001fdd2a7b600, 0x000001fdd2a7b850]
Event: 1607.838 Thread 0x000001fdefeff620 25948       4       org.gradle.internal.resources.DefaultResourceLockCoordinationService$DefaultResourceLockState::reset (38 bytes)
Event: 1607.838 Thread 0x000001fddf7b7400 nmethod 25982 0x000001fdd2a7b888 code [0x000001fdd2a7b980, 0x000001fdd2a7bd00]
Event: 1607.838 Thread 0x000001fddf7b7400 25955       4       org.gradle.api.internal.artifacts.transform.TransformStep::lambda$createInvocation$2 (93 bytes)
Event: 1607.840 Thread 0x000001fde4470630 nmethod 25945 0x000001fdd2a7bd88 code [0x000001fdd2a7be80, 0x000001fdd2a7d8c8]
Event: 1607.840 Thread 0x000001fde4470630 25931       4       org.gradle.internal.hash.Hashing$MessageDigestHasher::hash (21 bytes)
Event: 1607.842 Thread 0x000001fde4470630 nmethod 25931 0x000001fdd2a7d908 code [0x000001fdd2a7da00, 0x000001fdd2a7dd90]
Event: 1607.842 Thread 0x000001fde4470630 25952       4       org.gradle.internal.io.IoSupplier::wrap (7 bytes)
Event: 1607.843 Thread 0x000001fde4470630 nmethod 25952 0x000001fdd2a7de08 code [0x000001fdd2a7df00, 0x000001fdd2a7dff0]
Event: 1607.843 Thread 0x000001fde4470630 25959       4       org.gradle.api.internal.changedetection.state.MetaInfAwareClasspathResourceHasher::isManifestFile (7 bytes)
Event: 1607.843 Thread 0x000001fdefeff620 nmethod 25948 0x000001fdd2a7e108 code [0x000001fdd2a7e200, 0x000001fdd2a7eac8]
Event: 1607.844 Thread 0x000001fde4470630 nmethod 25959 0x000001fdd2a7eb08 code [0x000001fdd2a7ec00, 0x000001fdd2a7edd0]
Event: 1607.847 Thread 0x000001fdefeff620 25989       4       jdk.internal.classfile.impl.AbstractPoolEntry::hash2 (15 bytes)
Event: 1607.847 Thread 0x000001fdefeff620 nmethod 25989 0x000001fdd2a7ee08 code [0x000001fdd2a7ef00, 0x000001fdd2a7ef88]

GC Heap Usage History (20 events):
Event: 193.173 {heap Before GC invocations=60 (full 0):
 garbage-first heap   total reserved 2097152K, committed 288768K, used 265712K [0x0000000080000000, 0x0000000100000000)
  region size 1024K, 92 young (94208K), 8 survivors (8192K)
}
Event: 193.180 {heap After GC invocations=61 (full 0):
 garbage-first heap   total reserved 2097152K, committed 289792K, used 188892K [0x0000000080000000, 0x0000000100000000)
  region size 1024K, 12 young (12288K), 12 survivors (12288K)
}
Event: 193.495 {heap Before GC invocations=61 (full 0):
 garbage-first heap   total reserved 2097152K, committed 289792K, used 264668K [0x0000000080000000, 0x0000000100000000)
  region size 1024K, 87 young (89088K), 12 survivors (12288K)
}
Event: 193.501 {heap After GC invocations=62 (full 0):
 garbage-first heap   total reserved 2097152K, committed 289792K, used 195688K [0x0000000080000000, 0x0000000100000000)
  region size 1024K, 7 young (7168K), 7 survivors (7168K)
}
Event: 193.644 {heap Before GC invocations=63 (full 0):
 garbage-first heap   total reserved 2097152K, committed 327680K, used 267368K [0x0000000080000000, 0x0000000100000000)
  region size 1024K, 78 young (79872K), 7 survivors (7168K)
}
Event: 193.649 {heap After GC invocations=64 (full 0):
 garbage-first heap   total reserved 2097152K, committed 327680K, used 199674K [0x0000000080000000, 0x0000000100000000)
  region size 1024K, 5 young (5120K), 5 survivors (5120K)
}
Event: 193.819 {heap Before GC invocations=64 (full 0):
 garbage-first heap   total reserved 2097152K, committed 327680K, used 301050K [0x0000000080000000, 0x0000000100000000)
  region size 1024K, 105 young (107520K), 5 survivors (5120K)
}
Event: 193.825 {heap After GC invocations=65 (full 0):
 garbage-first heap   total reserved 2097152K, committed 327680K, used 192946K [0x0000000080000000, 0x0000000100000000)
  region size 1024K, 9 young (9216K), 9 survivors (9216K)
}
Event: 561.882 {heap Before GC invocations=65 (full 0):
 garbage-first heap   total reserved 2097152K, committed 327680K, used 302514K [0x0000000080000000, 0x0000000100000000)
  region size 1024K, 117 young (119808K), 9 survivors (9216K)
}
Event: 561.888 {heap After GC invocations=66 (full 0):
 garbage-first heap   total reserved 2097152K, committed 327680K, used 198443K [0x0000000080000000, 0x0000000100000000)
  region size 1024K, 10 young (10240K), 10 survivors (10240K)
}
Event: 659.404 {heap Before GC invocations=67 (full 0):
 garbage-first heap   total reserved 2097152K, committed 331776K, used 305963K [0x0000000080000000, 0x0000000100000000)
  region size 1024K, 116 young (118784K), 10 survivors (10240K)
}
Event: 659.408 {heap After GC invocations=68 (full 0):
 garbage-first heap   total reserved 2097152K, committed 331776K, used 201745K [0x0000000080000000, 0x0000000100000000)
  region size 1024K, 9 young (9216K), 9 survivors (9216K)
}
Event: 659.777 {heap Before GC invocations=68 (full 0):
 garbage-first heap   total reserved 2097152K, committed 331776K, used 310289K [0x0000000080000000, 0x0000000100000000)
  region size 1024K, 115 young (117760K), 9 survivors (9216K)
}
Event: 659.784 {heap After GC invocations=69 (full 0):
 garbage-first heap   total reserved 2097152K, committed 332800K, used 206848K [0x0000000080000000, 0x0000000100000000)
  region size 1024K, 15 young (15360K), 15 survivors (15360K)
}
Event: 1015.767 {heap Before GC invocations=69 (full 0):
 garbage-first heap   total reserved 2097152K, committed 332800K, used 311296K [0x0000000080000000, 0x0000000100000000)
  region size 1024K, 117 young (119808K), 15 survivors (15360K)
}
Event: 1015.775 {heap After GC invocations=70 (full 0):
 garbage-first heap   total reserved 2097152K, committed 332800K, used 211531K [0x0000000080000000, 0x0000000100000000)
  region size 1024K, 6 young (6144K), 6 survivors (6144K)
}
Event: 1603.881 {heap Before GC invocations=71 (full 0):
 garbage-first heap   total reserved 2097152K, committed 353280K, used 311883K [0x0000000080000000, 0x0000000100000000)
  region size 1024K, 105 young (107520K), 6 survivors (6144K)
}
Event: 1603.885 {heap After GC invocations=72 (full 0):
 garbage-first heap   total reserved 2097152K, committed 353280K, used 210309K [0x0000000080000000, 0x0000000100000000)
  region size 1024K, 5 young (5120K), 5 survivors (5120K)
}
Event: 1604.523 {heap Before GC invocations=72 (full 0):
 garbage-first heap   total reserved 2097152K, committed 353280K, used 346501K [0x0000000080000000, 0x0000000100000000)
  region size 1024K, 125 young (128000K), 5 survivors (5120K)
}
Event: 1604.538 {heap After GC invocations=73 (full 0):
 garbage-first heap   total reserved 2097152K, committed 374784K, used 203634K [0x0000000080000000, 0x0000000100000000)
  region size 1024K, 11 young (11264K), 11 survivors (11264K)
}

Metaspace Usage History (20 events):
Event: 193.173 {metaspace Before GC invocations=60 (full 0):
 Metaspace       used 154072K, committed 156608K, reserved 1245184K
  class space    used 21465K, committed 22656K, reserved 1048576K
}
Event: 193.180 {metaspace After GC invocations=61 (full 0):
 Metaspace       used 154072K, committed 156608K, reserved 1245184K
  class space    used 21465K, committed 22656K, reserved 1048576K
}
Event: 193.495 {metaspace Before GC invocations=61 (full 0):
 Metaspace       used 156856K, committed 159360K, reserved 1245184K
  class space    used 22092K, committed 23296K, reserved 1048576K
}
Event: 193.501 {metaspace After GC invocations=62 (full 0):
 Metaspace       used 156856K, committed 159360K, reserved 1245184K
  class space    used 22092K, committed 23296K, reserved 1048576K
}
Event: 193.644 {metaspace Before GC invocations=63 (full 0):
 Metaspace       used 156932K, committed 159424K, reserved 1245184K
  class space    used 22102K, committed 23296K, reserved 1048576K
}
Event: 193.649 {metaspace After GC invocations=64 (full 0):
 Metaspace       used 156932K, committed 159424K, reserved 1245184K
  class space    used 22102K, committed 23296K, reserved 1048576K
}
Event: 193.819 {metaspace Before GC invocations=64 (full 0):
 Metaspace       used 157222K, committed 159744K, reserved 1245184K
  class space    used 22137K, committed 23360K, reserved 1048576K
}
Event: 193.825 {metaspace After GC invocations=65 (full 0):
 Metaspace       used 157222K, committed 159744K, reserved 1245184K
  class space    used 22137K, committed 23360K, reserved 1048576K
}
Event: 561.882 {metaspace Before GC invocations=65 (full 0):
 Metaspace       used 158276K, committed 160832K, reserved 1245184K
  class space    used 22266K, committed 23488K, reserved 1048576K
}
Event: 561.888 {metaspace After GC invocations=66 (full 0):
 Metaspace       used 158276K, committed 160832K, reserved 1245184K
  class space    used 22266K, committed 23488K, reserved 1048576K
}
Event: 659.404 {metaspace Before GC invocations=67 (full 0):
 Metaspace       used 158649K, committed 161216K, reserved 1245184K
  class space    used 22288K, committed 23488K, reserved 1048576K
}
Event: 659.408 {metaspace After GC invocations=68 (full 0):
 Metaspace       used 158649K, committed 161216K, reserved 1245184K
  class space    used 22288K, committed 23488K, reserved 1048576K
}
Event: 659.777 {metaspace Before GC invocations=68 (full 0):
 Metaspace       used 158993K, committed 161600K, reserved 1245184K
  class space    used 22303K, committed 23488K, reserved 1048576K
}
Event: 659.784 {metaspace After GC invocations=69 (full 0):
 Metaspace       used 158993K, committed 161600K, reserved 1245184K
  class space    used 22303K, committed 23488K, reserved 1048576K
}
Event: 1015.767 {metaspace Before GC invocations=69 (full 0):
 Metaspace       used 159312K, committed 161856K, reserved 1245184K
  class space    used 22351K, committed 23552K, reserved 1048576K
}
Event: 1015.775 {metaspace After GC invocations=70 (full 0):
 Metaspace       used 159312K, committed 161856K, reserved 1245184K
  class space    used 22351K, committed 23552K, reserved 1048576K
}
Event: 1603.881 {metaspace Before GC invocations=71 (full 0):
 Metaspace       used 161618K, committed 164224K, reserved 1245184K
  class space    used 22729K, committed 23936K, reserved 1048576K
}
Event: 1603.885 {metaspace After GC invocations=72 (full 0):
 Metaspace       used 161618K, committed 164224K, reserved 1245184K
  class space    used 22729K, committed 23936K, reserved 1048576K
}
Event: 1604.523 {metaspace Before GC invocations=72 (full 0):
 Metaspace       used 168630K, committed 171264K, reserved 1245184K
  class space    used 23461K, committed 24704K, reserved 1048576K
}
Event: 1604.538 {metaspace After GC invocations=73 (full 0):
 Metaspace       used 168630K, committed 171264K, reserved 1245184K
  class space    used 23461K, committed 24704K, reserved 1048576K
}

Dll operation events (3 events):
Event: 0.007 Loaded shared library C:\Program Files\Android\Android Studio\jbr\bin\java.dll
Event: 0.010 Loaded shared library C:\Program Files\Android\Android Studio\jbr\bin\zip.dll
Event: 0.357 Loaded shared library C:\Program Files\Android\Android Studio\jbr\bin\verify.dll

Deoptimization events (20 events):
Event: 1605.073 Thread 0x000001fdef560680 Uncommon trap: trap_request=0xffffffd6 fr.pc=0x000001fdd2a6a130 relative=0x0000000000000230
Event: 1605.073 Thread 0x000001fdef560680 Uncommon trap: reason=array_check action=maybe_recompile pc=0x000001fdd2a6a130 method=com.google.common.collect.ImmutableMap$Builder.put(Ljava/lang/Object;Ljava/lang/Object;)Lcom/google/common/collect/ImmutableMap$Builder; @ 32 c2
Event: 1605.073 Thread 0x000001fdef560680 DEOPT PACKING pc=0x000001fdd2a6a130 sp=0x0000009cb60fd2c0
Event: 1605.073 Thread 0x000001fdef560680 DEOPT UNPACKING pc=0x000001fdd1978582 sp=0x0000009cb60fd268 mode 2
Event: 1605.094 Thread 0x000001fdef560680 Uncommon trap: trap_request=0xffffff45 fr.pc=0x000001fdd2a0ce00 relative=0x0000000000000100
Event: 1605.094 Thread 0x000001fdef560680 Uncommon trap: reason=unstable_if action=reinterpret pc=0x000001fdd2a0ce00 method=org.objectweb.asm.ByteVector.putShort(I)Lorg/objectweb/asm/ByteVector; @ 13 c2
Event: 1605.094 Thread 0x000001fdef560680 DEOPT PACKING pc=0x000001fdd2a0ce00 sp=0x0000009cb60fdb60
Event: 1605.094 Thread 0x000001fdef560680 DEOPT UNPACKING pc=0x000001fdd1978582 sp=0x0000009cb60fdaf8 mode 2
Event: 1605.108 Thread 0x000001fdef560680 Uncommon trap: trap_request=0xffffff45 fr.pc=0x000001fdd2229e64 relative=0x0000000000000164
Event: 1605.108 Thread 0x000001fdef560680 Uncommon trap: reason=unstable_if action=reinterpret pc=0x000001fdd2229e64 method=sun.nio.fs.WindowsPathParser.isSlash(C)Z @ 9 c2
Event: 1605.108 Thread 0x000001fdef560680 DEOPT PACKING pc=0x000001fdd2229e64 sp=0x0000009cb60fdcf0
Event: 1605.108 Thread 0x000001fdef560680 DEOPT UNPACKING pc=0x000001fdd1978582 sp=0x0000009cb60fdc18 mode 2
Event: 1607.737 Thread 0x000001fde73c35a0 Uncommon trap: trap_request=0xffffff45 fr.pc=0x000001fdd274d568 relative=0x00000000000002e8
Event: 1607.737 Thread 0x000001fde73c35a0 Uncommon trap: reason=unstable_if action=reinterpret pc=0x000001fdd274d568 method=java.io.ObjectInputStream$BlockDataInputStream.readUTFSpan(IJ)I @ 83 c2
Event: 1607.737 Thread 0x000001fde73c35a0 DEOPT PACKING pc=0x000001fdd274d568 sp=0x0000009cb65fed80
Event: 1607.737 Thread 0x000001fde73c35a0 DEOPT UNPACKING pc=0x000001fdd1978582 sp=0x0000009cb65fecd0 mode 2
Event: 1607.835 Thread 0x000001fdef1db5b0 Uncommon trap: trap_request=0xffffffc6 fr.pc=0x000001fdd1fa887c relative=0x000000000000037c
Event: 1607.835 Thread 0x000001fdef1db5b0 Uncommon trap: reason=bimorphic_or_optimized_type_check action=maybe_recompile pc=0x000001fdd1fa887c method=org.gradle.internal.fingerprint.classpath.impl.ClasspathFingerprintingStrategy$ClasspathFingerprintingVisitor.visitEntry(Lorg/gradle/internal/snaps
Event: 1607.835 Thread 0x000001fdef1db5b0 DEOPT PACKING pc=0x000001fdd1fa887c sp=0x0000009cb4cfc920
Event: 1607.835 Thread 0x000001fdef1db5b0 DEOPT UNPACKING pc=0x000001fdd1978582 sp=0x0000009cb4cfc858 mode 2

Classes loaded (20 events):
Event: 1604.349 Loading class java/util/SplittableRandom
Event: 1604.349 Loading class java/util/random/RandomGenerator$SplittableGenerator
Event: 1604.349 Loading class java/util/random/RandomGenerator$StreamableGenerator
Event: 1604.349 Loading class java/util/random/RandomGenerator$StreamableGenerator done
Event: 1604.349 Loading class java/util/random/RandomGenerator$SplittableGenerator done
Event: 1604.350 Loading class java/util/SplittableRandom done
Event: 1604.350 Loading class java/util/SplittableRandom$AbstractSplittableGeneratorProxy
Event: 1604.350 Loading class jdk/internal/util/random/RandomSupport$AbstractSplittableGenerator
Event: 1604.350 Loading class jdk/internal/util/random/RandomSupport$AbstractSpliteratorGenerator
Event: 1604.350 Loading class jdk/internal/util/random/RandomSupport$AbstractSpliteratorGenerator done
Event: 1604.350 Loading class jdk/internal/util/random/RandomSupport$AbstractSplittableGenerator done
Event: 1604.350 Loading class java/util/SplittableRandom$AbstractSplittableGeneratorProxy done
Event: 1604.489 Loading class java/util/concurrent/Executors$DelegatedScheduledExecutorService
Event: 1604.489 Loading class java/util/concurrent/Executors$DelegatedScheduledExecutorService done
Event: 1604.550 Loading class java/io/UTFDataFormatException
Event: 1604.550 Loading class java/io/UTFDataFormatException done
Event: 1604.551 Loading class java/lang/reflect/InaccessibleObjectException
Event: 1604.551 Loading class java/lang/reflect/InaccessibleObjectException done
Event: 1607.861 Loading class java/util/zip/ZipOutputStream
Event: 1607.861 Loading class java/util/zip/ZipOutputStream done

Classes unloaded (7 events):
Event: 193.578 Thread 0x000001fddf2ff860 Unloading class 0x0000000034068000 'java/lang/invoke/LambdaForm$MH+0x0000000034068000'
Event: 561.962 Thread 0x000001fddf2ff860 Unloading class 0x00000000346a9c00 'java/lang/invoke/LambdaForm$MH+0x00000000346a9c00'
Event: 561.962 Thread 0x000001fddf2ff860 Unloading class 0x00000000346a9000 'java/lang/invoke/LambdaForm$MH+0x00000000346a9000'
Event: 561.962 Thread 0x000001fddf2ff860 Unloading class 0x00000000346a8c00 'java/lang/invoke/LambdaForm$MH+0x00000000346a8c00'
Event: 561.962 Thread 0x000001fddf2ff860 Unloading class 0x00000000346a8800 'java/lang/invoke/LambdaForm$MH+0x00000000346a8800'
Event: 561.962 Thread 0x000001fddf2ff860 Unloading class 0x00000000346a8400 'java/lang/invoke/LambdaForm$MH+0x00000000346a8400'
Event: 1015.835 Thread 0x000001fddf2ff860 Unloading class 0x00000000345ac400 'java/lang/invoke/LambdaForm$MH+0x00000000345ac400'

Classes redefined (0 events):
No events

Internal exceptions (20 events):
Event: 1607.866 Thread 0x000001fdef1db5b0 Exception <a 'sun/nio/fs/WindowsException'{0x0000000092f6f438}> (0x0000000092f6f438) 
thrown [s\src\hotspot\share\prims\jni.cpp, line 535]
Event: 1607.867 Thread 0x000001fdef1db5b0 Exception <a 'sun/nio/fs/WindowsException'{0x0000000092f7b4b0}> (0x0000000092f7b4b0) 
thrown [s\src\hotspot\share\prims\jni.cpp, line 535]
Event: 1607.868 Thread 0x000001fdef1db5b0 Exception <a 'sun/nio/fs/WindowsException'{0x0000000092f83ff8}> (0x0000000092f83ff8) 
thrown [s\src\hotspot\share\prims\jni.cpp, line 535]
Event: 1607.870 Thread 0x000001fdef1db5b0 Exception <a 'sun/nio/fs/WindowsException'{0x0000000092f8d758}> (0x0000000092f8d758) 
thrown [s\src\hotspot\share\prims\jni.cpp, line 535]
Event: 1607.871 Thread 0x000001fdef1db5b0 Exception <a 'sun/nio/fs/WindowsException'{0x0000000092fa3898}> (0x0000000092fa3898) 
thrown [s\src\hotspot\share\prims\jni.cpp, line 535]
Event: 1607.872 Thread 0x000001fdef1db5b0 Exception <a 'sun/nio/fs/WindowsException'{0x0000000092fae9c8}> (0x0000000092fae9c8) 
thrown [s\src\hotspot\share\prims\jni.cpp, line 535]
Event: 1607.872 Thread 0x000001fdef1db5b0 Exception <a 'sun/nio/fs/WindowsException'{0x0000000092fb8768}> (0x0000000092fb8768) 
thrown [s\src\hotspot\share\prims\jni.cpp, line 535]
Event: 1607.873 Thread 0x000001fdef1db5b0 Exception <a 'sun/nio/fs/WindowsException'{0x0000000092fc1648}> (0x0000000092fc1648) 
thrown [s\src\hotspot\share\prims\jni.cpp, line 535]
Event: 1607.874 Thread 0x000001fdef1db5b0 Exception <a 'sun/nio/fs/WindowsException'{0x0000000092fcf318}> (0x0000000092fcf318) 
thrown [s\src\hotspot\share\prims\jni.cpp, line 535]
Event: 1607.874 Thread 0x000001fdef1db5b0 Exception <a 'sun/nio/fs/WindowsException'{0x0000000092fd8ba8}> (0x0000000092fd8ba8) 
thrown [s\src\hotspot\share\prims\jni.cpp, line 535]
Event: 1607.875 Thread 0x000001fdef1db5b0 Exception <a 'sun/nio/fs/WindowsException'{0x0000000092fe2740}> (0x0000000092fe2740) 
thrown [s\src\hotspot\share\prims\jni.cpp, line 535]
Event: 1607.875 Thread 0x000001fdef1db5b0 Exception <a 'sun/nio/fs/WindowsException'{0x0000000092fecb68}> (0x0000000092fecb68) 
thrown [s\src\hotspot\share\prims\jni.cpp, line 535]
Event: 1607.876 Thread 0x000001fdef1db5b0 Exception <a 'sun/nio/fs/WindowsException'{0x0000000092ff6938}> (0x0000000092ff6938) 
thrown [s\src\hotspot\share\prims\jni.cpp, line 535]
Event: 1607.877 Thread 0x000001fdef1db5b0 Exception <a 'sun/nio/fs/WindowsException'{0x0000000092e00828}> (0x0000000092e00828) 
thrown [s\src\hotspot\share\prims\jni.cpp, line 535]
Event: 1607.877 Thread 0x000001fdef1db5b0 Exception <a 'sun/nio/fs/WindowsException'{0x0000000092e0b568}> (0x0000000092e0b568) 
thrown [s\src\hotspot\share\prims\jni.cpp, line 535]
Event: 1607.878 Thread 0x000001fdef1db5b0 Exception <a 'sun/nio/fs/WindowsException'{0x0000000092e15420}> (0x0000000092e15420) 
thrown [s\src\hotspot\share\prims\jni.cpp, line 535]
Event: 1607.878 Thread 0x000001fdef1db5b0 Exception <a 'sun/nio/fs/WindowsException'{0x0000000092e21050}> (0x0000000092e21050) 
thrown [s\src\hotspot\share\prims\jni.cpp, line 535]
Event: 1607.879 Thread 0x000001fdef1db5b0 Exception <a 'sun/nio/fs/WindowsException'{0x0000000092e2edc0}> (0x0000000092e2edc0) 
thrown [s\src\hotspot\share\prims\jni.cpp, line 535]
Event: 1607.880 Thread 0x000001fdef1db5b0 Exception <a 'sun/nio/fs/WindowsException'{0x0000000092e37d48}> (0x0000000092e37d48) 
thrown [s\src\hotspot\share\prims\jni.cpp, line 535]
Event: 1607.880 Thread 0x000001fdef1db5b0 Exception <a 'sun/nio/fs/WindowsException'{0x0000000092e40e80}> (0x0000000092e40e80) 
thrown [s\src\hotspot\share\prims\jni.cpp, line 535]

VM Operations (20 events):
Event: 1603.911 Executing non-safepoint VM operation: HandshakeAllThreads (Deoptimize)
Event: 1603.911 Executing non-safepoint VM operation: HandshakeAllThreads (Deoptimize) done
Event: 1603.919 Executing non-safepoint VM operation: HandshakeAllThreads (Deoptimize)
Event: 1603.919 Executing non-safepoint VM operation: HandshakeAllThreads (Deoptimize) done
Event: 1603.921 Executing non-safepoint VM operation: HandshakeAllThreads (Deoptimize)
Event: 1603.921 Executing non-safepoint VM operation: HandshakeAllThreads (Deoptimize) done
Event: 1604.034 Executing non-safepoint VM operation: HandshakeAllThreads (Deoptimize)
Event: 1604.034 Executing non-safepoint VM operation: HandshakeAllThreads (Deoptimize) done
Event: 1604.063 Executing non-safepoint VM operation: HandshakeAllThreads (Deoptimize)
Event: 1604.063 Executing non-safepoint VM operation: HandshakeAllThreads (Deoptimize) done
Event: 1604.167 Executing non-safepoint VM operation: HandshakeAllThreads (Deoptimize)
Event: 1604.167 Executing non-safepoint VM operation: HandshakeAllThreads (Deoptimize) done
Event: 1604.266 Executing non-safepoint VM operation: HandshakeAllThreads (Deoptimize)
Event: 1604.267 Executing non-safepoint VM operation: HandshakeAllThreads (Deoptimize) done
Event: 1604.275 Executing non-safepoint VM operation: HandshakeAllThreads (Deoptimize)
Event: 1604.275 Executing non-safepoint VM operation: HandshakeAllThreads (Deoptimize) done
Event: 1604.523 Executing safepoint VM operation: G1CollectForAllocation (G1 Evacuation Pause)
Event: 1604.538 Executing safepoint VM operation: G1CollectForAllocation (G1 Evacuation Pause) done
Event: 1605.045 Executing non-safepoint VM operation: HandshakeAllThreads (Deoptimize)
Event: 1605.045 Executing non-safepoint VM operation: HandshakeAllThreads (Deoptimize) done

Memory protections (0 events):
No events

Nmethod flushes (20 events):
Event: 1015.846 Thread 0x000001fddf2ff860 flushing  nmethod 0x000001fdd275a008
Event: 1015.846 Thread 0x000001fddf2ff860 flushing  nmethod 0x000001fdca4ec408
Event: 1015.846 Thread 0x000001fddf2ff860 flushing  nmethod 0x000001fdca4f2508
Event: 1015.846 Thread 0x000001fddf2ff860 flushing  nmethod 0x000001fdca5c1808
Event: 1015.846 Thread 0x000001fddf2ff860 flushing  nmethod 0x000001fdca6d9288
Event: 1015.846 Thread 0x000001fddf2ff860 flushing  nmethod 0x000001fdcba2c188
Event: 1015.846 Thread 0x000001fddf2ff860 flushing  nmethod 0x000001fdcba74388
Event: 1015.846 Thread 0x000001fddf2ff860 flushing  nmethod 0x000001fdcba7ae88
Event: 1015.846 Thread 0x000001fddf2ff860 flushing  nmethod 0x000001fdcbbab308
Event: 1015.846 Thread 0x000001fddf2ff860 flushing  nmethod 0x000001fdd2359c08
Event: 1015.846 Thread 0x000001fddf2ff860 flushing  nmethod 0x000001fdca476588
Event: 1015.846 Thread 0x000001fddf2ff860 flushing  nmethod 0x000001fdca526988
Event: 1015.846 Thread 0x000001fddf2ff860 flushing  nmethod 0x000001fdca52a308
Event: 1015.846 Thread 0x000001fddf2ff860 flushing  nmethod 0x000001fdca52d508
Event: 1015.846 Thread 0x000001fddf2ff860 flushing  nmethod 0x000001fdca586708
Event: 1015.846 Thread 0x000001fddf2ff860 flushing  nmethod 0x000001fdca644a08
Event: 1015.846 Thread 0x000001fddf2ff860 flushing  nmethod 0x000001fdca966288
Event: 1015.846 Thread 0x000001fddf2ff860 flushing  nmethod 0x000001fdcab60088
Event: 1015.846 Thread 0x000001fddf2ff860 flushing  nmethod 0x000001fdcb22c408
Event: 1015.846 Thread 0x000001fddf2ff860 flushing  nmethod 0x000001fdcb68cb08

Events (20 events):
Event: 1604.275 Thread 0x000001fdf3caa020 Thread added: 0x000001fdef560680
Event: 1604.342 Thread 0x000001fdef1db5b0 Thread added: 0x000001fdef55e740
Event: 1604.392 Thread 0x000001fdf3caa020 Thread added: 0x000001fdef55df70
Event: 1604.490 Thread 0x000001fdef560680 Thread added: 0x000001fdef5673e0
Event: 1604.565 Thread 0x000001fde7906350 Thread exited: 0x000001fde7906350
Event: 1604.587 Thread 0x000001fdef1db5b0 Thread added: 0x000001fde73be780
Event: 1604.592 Thread 0x000001fde7b6ca20 Thread added: 0x000001fde73bf720
Event: 1604.603 Thread 0x000001fdef56aa90 Thread added: 0x000001fde73c35a0
Event: 1604.709 Thread 0x000001fdef560680 Thread added: 0x000001fde73f9b30
Event: 1604.709 Thread 0x000001fdef560680 Thread added: 0x000001fde73f6c50
Event: 1604.762 Thread 0x000001fde7905330 Thread exited: 0x000001fde7905330
Event: 1604.763 Thread 0x000001fde7904b20 Thread exited: 0x000001fde7904b20
Event: 1604.771 Thread 0x000001fde7905b40 Thread exited: 0x000001fde7905b40
Event: 1605.021 Thread 0x000001fde84969d0 Thread added: 0x000001fdefeff620
Event: 1605.025 Thread 0x000001fdf077c440 Thread added: 0x000001fde4470e40
Event: 1607.705 Thread 0x000001fde84969d0 Thread exited: 0x000001fde84969d0
Event: 1607.705 Thread 0x000001fde4470e40 Thread exited: 0x000001fde4470e40
Event: 1607.705 Thread 0x000001fdefeff620 Thread exited: 0x000001fdefeff620
Event: 1607.828 Thread 0x000001fdf077c440 Thread added: 0x000001fde4470630
Event: 1607.833 Thread 0x000001fddf7bbb80 Thread added: 0x000001fdefeff620


Dynamic libraries:
0x00007ff6027a0000 - 0x00007ff6027aa000 	C:\Program Files\Android\Android Studio\jbr\bin\java.exe
0x00007ffec71c0000 - 0x00007ffec7427000 	C:\WINDOWS\SYSTEM32\ntdll.dll
0x00007ffec6240000 - 0x00007ffec630b000 	C:\WINDOWS\System32\KERNEL32.DLL
0x00007ffec4520000 - 0x00007ffec4922000 	C:\WINDOWS\System32\KERNELBASE.dll
0x00007ffec43c0000 - 0x00007ffec450c000 	C:\WINDOWS\System32\ucrtbase.dll
0x00007ffebc900000 - 0x00007ffebc91b000 	C:\Program Files\Android\Android Studio\jbr\bin\VCRUNTIME140.dll
0x00007ffe87440000 - 0x00007ffe87456000 	C:\Program Files\Android\Android Studio\jbr\bin\jli.dll
0x00007ffec5f00000 - 0x00007ffec60cf000 	C:\WINDOWS\System32\USER32.dll
0x00007ffea2bd0000 - 0x00007ffea2e60000 	C:\WINDOWS\WinSxS\amd64_microsoft.windows.common-controls_6595b64144ccf1df_6.0.26100.9278_none_3e0d1ba8e3303201\COMCTL32.dll
0x00007ffec4d20000 - 0x00007ffec4d47000 	C:\WINDOWS\System32\win32u.dll
0x00007ffec6660000 - 0x00007ffec6709000 	C:\WINDOWS\System32\msvcrt.dll
0x00007ffec4ee0000 - 0x00007ffec4f0b000 	C:\WINDOWS\System32\GDI32.dll
0x00007ffec4b40000 - 0x00007ffec4c69000 	C:\WINDOWS\System32\gdi32full.dll
0x00007ffec4c70000 - 0x00007ffec4d13000 	C:\WINDOWS\System32\msvcp_win.dll
0x00007ffec6be0000 - 0x00007ffec6c11000 	C:\WINDOWS\System32\IMM32.DLL
0x00007ffebc8e0000 - 0x00007ffebc8ec000 	C:\Program Files\Android\Android Studio\jbr\bin\vcruntime140_1.dll
0x00007ffe863b0000 - 0x00007ffe8643d000 	C:\Program Files\Android\Android Studio\jbr\bin\msvcp140.dll
0x00007ffe013e0000 - 0x00007ffe022ba000 	C:\Program Files\Android\Android Studio\jbr\bin\server\jvm.dll
0x00007ffec63b0000 - 0x00007ffec646c000 	C:\WINDOWS\System32\ADVAPI32.dll
0x00007ffec5300000 - 0x00007ffec53a9000 	C:\WINDOWS\System32\sechost.dll
0x00007ffec6540000 - 0x00007ffec6658000 	C:\WINDOWS\System32\RPCRT4.dll
0x00007ffec5e70000 - 0x00007ffec5ef0000 	C:\WINDOWS\System32\WS2_32.dll
0x00007ffec2ef0000 - 0x00007ffec2f4e000 	C:\WINDOWS\SYSTEM32\POWRPROF.dll
0x00007ffebbd30000 - 0x00007ffebbd3b000 	C:\WINDOWS\SYSTEM32\VERSION.dll
0x00007ffebad90000 - 0x00007ffebadc6000 	C:\WINDOWS\SYSTEM32\WINMM.dll
0x00007ffec2ed0000 - 0x00007ffec2ee5000 	C:\WINDOWS\SYSTEM32\UMPDC.dll
0x00007ffec31b0000 - 0x00007ffec31cb000 	C:\WINDOWS\SYSTEM32\kernel.appcore.dll
0x00007ffebc8d0000 - 0x00007ffebc8da000 	C:\Program Files\Android\Android Studio\jbr\bin\jimage.dll
0x00007ffec1350000 - 0x00007ffec159c000 	C:\WINDOWS\SYSTEM32\DBGHELP.DLL
0x00007ffec6720000 - 0x00007ffec6aa5000 	C:\WINDOWS\System32\combase.dll
0x00007ffec5030000 - 0x00007ffec5109000 	C:\WINDOWS\System32\OLEAUT32.dll
0x00007ffea11f0000 - 0x00007ffea122b000 	C:\WINDOWS\SYSTEM32\dbgcore.DLL
0x00007ffec4a80000 - 0x00007ffec4b2c000 	C:\WINDOWS\System32\bcryptPrimitives.dll
0x00007ffea13a0000 - 0x00007ffea13ae000 	C:\Program Files\Android\Android Studio\jbr\bin\instrument.dll
0x00007ffebc340000 - 0x00007ffebc35f000 	C:\Program Files\Android\Android Studio\jbr\bin\java.dll
0x00007ffec5bd0000 - 0x00007ffec5d6a000 	C:\WINDOWS\System32\ole32.dll
0x00007ffec53b0000 - 0x00007ffec5b48000 	C:\WINDOWS\System32\SHELL32.dll
0x00007ffebc010000 - 0x00007ffebc027000 	C:\Program Files\Android\Android Studio\jbr\bin\zip.dll
0x00007ffec1e10000 - 0x00007ffec26be000 	C:\WINDOWS\SYSTEM32\windows.storage.dll
0x00007ffec5d70000 - 0x00007ffec5e6b000 	C:\WINDOWS\System32\SHCORE.dll
0x00007ffec64d0000 - 0x00007ffec6536000 	C:\WINDOWS\System32\shlwapi.dll
0x00007ffec42e0000 - 0x00007ffec4309000 	C:\WINDOWS\SYSTEM32\profapi.dll
0x00007ffebc4e0000 - 0x00007ffebc4f0000 	C:\Program Files\Android\Android Studio\jbr\bin\net.dll
0x00007ffec3770000 - 0x00007ffec37dc000 	C:\WINDOWS\system32\mswsock.dll
0x00007ffead700000 - 0x00007ffead716000 	C:\Program Files\Android\Android Studio\jbr\bin\nio.dll
0x00007ffead6f0000 - 0x00007ffead700000 	C:\Program Files\Android\Android Studio\jbr\bin\verify.dll
0x00007ffe882c0000 - 0x00007ffe882e7000 	C:\Users\A S U S\.gradle\native\660c5614fbf4a5f2a75b1949f50a0caf5cd603558e7d8a26e50b933a0cfb79d1\windows-amd64\native-platform.dll
0x00007ffe7f450000 - 0x00007ffe7f4c7000 	C:\Users\A S U S\.gradle\native\0.2.8\x86_64-windows-gnu\gradle-fileevents.dll
0x00007ffebc000000 - 0x00007ffebc009000 	C:\Program Files\Android\Android Studio\jbr\bin\management.dll
0x00007ffebab60000 - 0x00007ffebab6b000 	C:\Program Files\Android\Android Studio\jbr\bin\management_ext.dll
0x00007ffec6710000 - 0x00007ffec6718000 	C:\WINDOWS\System32\PSAPI.DLL
0x00007ffec2b20000 - 0x00007ffec2b53000 	C:\WINDOWS\SYSTEM32\IPHLPAPI.DLL
0x00007ffec5110000 - 0x00007ffec511a000 	C:\WINDOWS\System32\NSI.dll
0x00007ffebc1a0000 - 0x00007ffebc1a9000 	C:\Program Files\Android\Android Studio\jbr\bin\extnet.dll
0x00007ffec3a60000 - 0x00007ffec3a7b000 	C:\WINDOWS\SYSTEM32\CRYPTSP.dll
0x00007ffec3110000 - 0x00007ffec3149000 	C:\WINDOWS\system32\rsaenh.dll
0x00007ffec3820000 - 0x00007ffec3854000 	C:\WINDOWS\SYSTEM32\USERENV.dll
0x00007ffec42b0000 - 0x00007ffec42da000 	C:\WINDOWS\SYSTEM32\bcrypt.dll
0x00007ffec3a80000 - 0x00007ffec3a8c000 	C:\WINDOWS\SYSTEM32\CRYPTBASE.dll
0x00007ffeb1250000 - 0x00007ffeb1258000 	C:\WINDOWS\system32\wshunix.dll
0x00007ffec2bc0000 - 0x00007ffec2d18000 	C:\WINDOWS\SYSTEM32\DNSAPI.dll
0x00007ffec3500000 - 0x00007ffec350d000 	C:\WINDOWS\SYSTEM32\DSPARSE.dll
0x00000000008d0000 - 0x00000000008f6000 	C:\Program Files\Bonjour\mdnsNSP.dll
0x00007ffebd420000 - 0x00007ffebd42b000 	C:\Windows\System32\rasadhlp.dll
0x00007ffebf4b0000 - 0x00007ffebf536000 	C:\WINDOWS\System32\fwpuclnt.dll
0x00007ffec32e0000 - 0x00007ffec3316000 	C:\WINDOWS\SYSTEM32\ntmarta.dll
0x00007ffe6dbe0000 - 0x00007ffe6dbf8000 	C:\WINDOWS\system32\napinsp.dll
0x00007ffe6dc00000 - 0x00007ffe6dc13000 	C:\WINDOWS\System32\winrnr.dll
0x00007ffe6dc20000 - 0x00007ffe6dc47000 	C:\WINDOWS\system32\nlansp_c.dll
0x00007ffe90570000 - 0x00007ffe90586000 	C:\WINDOWS\system32\wshbth.dll
0x00007ffebea00000 - 0x00007ffebea07000 	C:\Program Files\Android\Android Studio\jbr\bin\rmi.dll

JVMTI agents:
C:\Users\A S U S\.gradle\wrapper\dists\gradle-9.5.0-bin\bvnork1r7n8i6kp5cnkibsc9q\gradle-9.5.0\lib\agents\gradle-instrumentation-agent-9.5.0.jar path:C:\Program Files\Android\Android Studio\jbr\bin\instrument.dll, loaded, initialized, instrumentlib options:none

dbghelp: loaded successfully - version: 4.0.5 - missing functions: none
symbol engine: initialized successfully - sym options: 0x614 - pdb path: .;C:\Program Files\Android\Android Studio\jbr\bin;C:\WINDOWS\SYSTEM32;C:\WINDOWS\WinSxS\amd64_microsoft.windows.common-controls_6595b64144ccf1df_6.0.26100.9278_none_3e0d1ba8e3303201;C:\Program Files\Android\Android Studio\jbr\bin\server;C:\Users\A S U S\.gradle\native\660c5614fbf4a5f2a75b1949f50a0caf5cd603558e7d8a26e50b933a0cfb79d1\windows-amd64;C:\Users\A S U S\.gradle\native\0.2.8\x86_64-windows-gnu;C:\Program Files\Bonjour

VM Arguments:
jvm_args: --add-opens=java.base/java.lang=ALL-UNNAMED --add-opens=java.base/java.lang.invoke=ALL-UNNAMED --add-opens=java.base/java.util=ALL-UNNAMED --add-opens=java.prefs/java.util.prefs=ALL-UNNAMED --add-exports=jdk.compiler/com.sun.tools.javac.api=ALL-UNNAMED --add-exports=jdk.compiler/com.sun.tools.javac.util=ALL-UNNAMED --add-opens=java.base/java.nio.charset=ALL-UNNAMED --add-opens=java.base/java.net=ALL-UNNAMED --add-opens=java.base/java.util.concurrent=ALL-UNNAMED --add-opens=java.base/java.util.concurrent.atomic=ALL-UNNAMED --add-opens=java.xml/javax.xml.namespace=ALL-UNNAMED --add-opens=java.base/java.time=ALL-UNNAMED --enable-native-access=ALL-UNNAMED -Xmx2048m -Dfile.encoding=UTF-8 -Duser.country=ID -Duser.language=en -Duser.variant -javaagent:C:\Users\A S U S\.gradle\wrapper\dists\gradle-9.5.0-bin\bvnork1r7n8i6kp5cnkibsc9q\gradle-9.5.0\lib\agents\gradle-instrumentation-agent-9.5.0.jar 
java_command: org.gradle.launcher.daemon.bootstrap.GradleDaemon 9.5.0
java_class_path (initial): C:\Users\A S U S\.gradle\wrapper\dists\gradle-9.5.0-bin\bvnork1r7n8i6kp5cnkibsc9q\gradle-9.5.0\lib\gradle-daemon-main-9.5.0.jar
Launcher Type: SUN_STANDARD

[Global flags]
     intx CICompilerCount                          = 12                                        {product} {ergonomic}
     uint ConcGCThreads                            = 3                                         {product} {ergonomic}
     uint G1ConcRefinementThreads                  = 13                                        {product} {ergonomic}
   size_t G1HeapRegionSize                         = 1048576                                   {product} {ergonomic}
   size_t InitialHeapSize                          = 264241152                                 {product} {ergonomic}
   size_t MarkStackSize                            = 4194304                                   {product} {ergonomic}
   size_t MarkStackSizeMax                         = 536870912                                 {product} {ergonomic}
   size_t MaxHeapSize                              = 2147483648                                {product} {command line}
   size_t MaxNewSize                               = 1287651328                                {product} {ergonomic}
   size_t MinHeapDeltaBytes                        = 1048576                                   {product} {ergonomic}
   size_t MinHeapSize                              = 8388608                                   {product} {ergonomic}
    uintx NonNMethodCodeHeapSize                   = 7602176                                {pd product} {ergonomic}
    uintx NonProfiledCodeHeapSize                  = 122093568                              {pd product} {ergonomic}
    uintx ProfiledCodeHeapSize                     = 121962496                              {pd product} {ergonomic}
    uintx ReservedCodeCacheSize                    = 251658240                              {pd product} {ergonomic}
     bool SegmentedCodeCache                       = true                                      {product} {ergonomic}
   size_t SoftMaxHeapSize                          = 2147483648                             {manageable} {ergonomic}
     bool UseCompressedOops                        = true                           {product lp64_product} {ergonomic}
     bool UseG1GC                                  = true                                      {product} {ergonomic}
     bool UseLargePagesIndividualAllocation        = false                                  {pd product} {ergonomic}

Logging:
Log output configuration:
 #0: stdout all=warning uptime,level,tags foldmultilines=false
 #1: stderr all=off uptime,level,tags foldmultilines=false

Release file:
JAVA_VERSION="25.0.2" 
MODULES="java.base java.compiler java.datatransfer java.xml java.prefs java.desktop java.instrument java.logging java.management java.security.sasl java.naming java.rmi java.management.rmi java.net.http java.scripting java.security.jgss java.transaction.xa java.sql java.sql.rowset java.xml.crypto java.se java.smartcardio jdk.accessibility jdk.internal.jvmstat jdk.attach jdk.charsets jdk.internal.opt jdk.zipfs jdk.compiler jdk.crypto.cryptoki jdk.crypto.ec jdk.dynalink jdk.hotspot.agent jdk.httpserver jdk.internal.ed jdk.internal.le jdk.internal.md jdk.internal.vm.ci jdk.jartool jdk.javadoc jdk.jcmd jdk.jdeps jdk.jdwp.agent jdk.jdi jdk.jfr jdk.jlink jdk.localedata jdk.management jdk.management.agent jdk.management.jfr jdk.naming.dns jdk.naming.rmi jdk.net jdk.sctp jdk.security.auth jdk.security.jgss jdk.unsupported jdk.unsupported.desktop jdk.xml.dom" 
IMPLEMENTOR="JetBrains s.r.o." 
JAVA_RUNTIME_VERSION="25.0.2+-15348964-b329.117" 
LIBC="default" 
OS_ARCH="x86_64" 
OS_NAME="Windows" 
SOURCE=".:git:3cf398e84a39" 

Environment Variables:
CLASSPATH=.;C:\PROGRA~1\IBM\SQLLIB\java\db2java.zip;C:\PROGRA~1\IBM\SQLLIB\java\db2jcc.jar;C:\PROGRA~1\IBM\SQLLIB\java\sqlj.zip;C:\PROGRA~1\IBM\SQLLIB\java\db2jcc_license_cu.jar;C:\PROGRA~1\IBM\SQLLIB\bin;C:\PROGRA~1\IBM\SQLLIB\java\common.jar
PATH=C:\Program Files\Eclipse Adoptium\jdk-21.0.4.7-hotspot\bin;C:\Program Files\Common Files\Oracle\Java\javapath;C:\Program Files (x86)\Common Files\Oracle\Java\java8path;C:\Program Files (x86)\Common Files\Oracle\Java\javapath;C:\Windows\system32;C:\Windows;C:\Windows\System32\Wbem;C:\Windows\System32\WindowsPowerShell\v1.0\;C:\Windows\System32\OpenSSH\;C:\Program Files (x86)\NVIDIA Corporation\PhysX\Common;C:\Program Files\NVIDIA Corporation\NVIDIA NvDLISR;C:\WINDOWS\system32;C:\WINDOWS;C:\WINDOWS\System32\Wbem;C:\WINDOWS\System32\WindowsPowerShell\v1.0\;C:\WINDOWS\System32\OpenSSH\;C:\Program Files\Java\jdk-22\bin;C:\xampp\php;C:\ProgramData\ComposerSetup\bin;D:\Git\cmd;C:\PROGRA~1\IBM\SQLLIB\BIN;C:\PROGRA~1\IBM\SQLLIB\FUNCTION;C:\PROGRA~1\IBM\SQLLIB\SAMPLES\REPL;D:\xampp baru\xampp\php;D:\Program Files\nodejs\;C:\Program Files\dotnet\;C:\Users\A S U S\AppData\Local\Programs\Python\Launcher\;C:\Users\A S U S\AppData\Local\Microsoft\WindowsApps;C:\Users\A S U S\AppData\Local\Programs\Microsoft VS Code\bin;C:\Users\A S U S\AppData\Roaming\Composer\vendor\bin;C:\Users\A S U S\AppData\Roaming\npm
USERNAME=A S U S
OS=Windows_NT
PROCESSOR_IDENTIFIER=Intel64 Family 6 Model 154 Stepping 3, GenuineIntel
TMP=C:\Users\ASUS~1\AppData\Local\Temp
TEMP=C:\Users\ASUS~1\AppData\Local\Temp




Compilation memory statistics disabled.

Periodic native trim disabled

JNI global refs:
JNI global refs: 32, weak refs: 3

JNI global refs memory usage: 835, weak refs: 833

Process memory usage:
Resident Set Size: 713976K (4% of 16386528K total physical memory with 686772K free physical memory)

OOME stack traces (most recent first):
Classloader memory used:
Loader org.gradle.internal.classloader.VisitableURLClassLoader                         : 53748 K
Loader org.gradle.internal.classloader.VisitableURLClassLoader$InstrumentingVisitableURLClassLoader: 50293 K
Loader bootstrap                                                                       : 36720 K
Loader org.gradle.initialization.MixInLegacyTypesClassLoader                           : 17789 K
Loader org.gradle.internal.classloader.VisitableURLClassLoader                         : 8539 K
Loader java.net.URLClassLoader                                                         : 2459 K
Loader org.gradle.groovy.scripts.internal.DefaultScriptCompilationHandler$ScriptClassLoader: 250 K
Loader jdk.internal.loader.ClassLoaders$AppClassLoader                                 : 188 K
Loader jdk.internal.loader.ClassLoaders$PlatformClassLoader                            : 160 K
Loader sun.reflect.misc.MethodUtil                                                     : 2968 B


[error occurred during error reporting (Classloader stats), id 0xe0000001, Out of Memory Error (s\src\hotspot\share\memory\arena.cpp:186)]
---------------  S Y S T E M  ---------------

OS:
 Windows 11 , 64 bit Build 26100 (10.0.26100.9444)
OS uptime: 0 days 8:50 hours
Hyper-V role detected

CPU: total 16 (initial active 16) (8 cores per cpu, 2 threads per core) family 6 model 154 stepping 3 microcode 0x434, cx8, cmov, fxsr, ht, mmx, 3dnowpref, sse, sse2, sse3, ssse3, sse4.1, sse4.2, popcnt, lzcnt, tsc, tscinvbit, avx, avx2, aes, erms, clmul, bmi1, bmi2, adx, sha, fma, vzeroupper, clflush, clflushopt, clwb, hv, serialize, rdtscp, rdpid, fsrm, gfni, f16c, cet_ibt, cet_ss
Processor Information for the first 16 processors :
  Max Mhz: 2500, Current Mhz: 2500, Mhz Limit: 2500

Memory: 4k page, system-wide physical 16002M (671M free)
TotalPageFile size 16002M (AvailPageFile size 5M)
current process WorkingSet (physical memory assigned to process): 700M, peak: 752M
current process commit charge ("private bytes"): 817M, peak: 851M

vm_info: OpenJDK 64-Bit Server VM (25.0.2+-15348964-b329.117) for windows-amd64 JRE (25.0.2+-15348964-b329.117), built on 2026-05-05T18:25:19Z with MS VC++ 16.10 / 16.11 (VS2019)

END.
